Column1,Column3,Column4,Column5,Column6,Column7,Column8
3/66/6,225.201,-2.763,5.884,-8.203,-3.827,2.8
3/66/7,336.333,-4.195,9.182,-12.799,-5.813,2.8
3/66/8,240.471,-3.043,6.658,-9.284,-4.218,2.8
3/66/9,229.564,-2.843,6.105,-8.512,-3.939,2.8
3/66/13,221.713,-5.57,6.259,-8.717,-7.744,2.8
3/66/14,222.146,0.165,5.179,-7.226,0.258,2.8
3/99/6,218.901,-2.763,5.884,8.273,3.909,2.8
3/99/7,327.828,-4.195,9.182,12.911,5.933,2.8
3/99/8,234.171,-3.043,6.658,9.358,4.304,2.8
3/99/9,223.264,-2.843,6.105,8.583,4.022,2.8
3/99/13,215.413,-5.57,6.259,8.808,7.852,2.8
3/99/14,215.846,0.165,5.179,7.274,-0.204,2.8
7/64/6,398.525,4.585,-12.802,17.769,6.274,2.8
7/64/7,605.451,7.087,-19.685,27.333,9.707,2.8
7/64/8,430.116,5.142,-14.266,19.818,7.054,2.8
7/64/9,407.551,4.744,-13.22,18.355,6.497,2.8
7/64/13,390.648,3.174,-11.276,15.693,4.415,2.8
7/64/14,392.863,5.757,-13.7,18.968,7.799,2.8
7/97/6,387.325,4.585,-12.802,-18.076,-6.563,2.8
7/97/7,590.331,7.087,-19.685,-27.784,-10.136,2.8
7/97/8,418.916,5.142,-14.266,-20.128,-7.344,2.8
7/97/9,396.351,4.744,-13.22,-18.662,-6.786,2.8
7/97/13,379.448,3.174,-11.276,-15.88,-4.471,2.8
7/97/14,381.663,5.757,-13.7,-19.391,-8.32,2.8
10/63/6,303.759,-10.79,-2.523,3.552,-14.688,2.8
10/63/7,462.486,-16.797,-3.915,5.512,-22.89,2.8
10/63/8,329.273,-12.146,-2.832,3.989,-16.59,2.8
10/63/9,311.049,-11.177,-2.611,3.677,-15.231,2.8
10/63/13,298.5,-10.51,-1.128,1.656,-14.282,2.8
10/63/14,298.084,-10.488,-3.786,5.262,-14.278,2.8
10/96/6,292.559,-10.79,-2.523,-3.512,15.523,2.8
10/96/7,447.366,-16.797,-3.915,-5.45,24.142,2.8
10/96/8,318.073,-12.146,-2.832,-3.941,17.42,2.8
10/96/9,299.849,-11.177,-2.611,-3.635,16.065,2.8
10/96/13,287.3,-10.51,-1.128,-1.502,15.145,2.8
10/96/14,286.884,-10.488,-3.786,-5.338,15.088,2.8
12/62/6,465.904,6.07,15.216,-20.981,8.454,2.8
12/62/7,708.573,9.321,23.459,-32.36,12.984,2.8
12/62/8,504.191,6.719,17.001,-23.465,9.358,2.8
12/62/9,476.843,6.255,15.726,-21.691,8.713,2.8
12/62/13,458.769,7.12,16.034,-22.066,9.831,2.8
12/62/14,456.631,4.741,13.635,-18.833,6.689,2.8
12/95/6,454.704,6.07,15.216,21.625,-8.541,2.8
12/95/7,693.453,9.321,23.459,33.325,-13.115,2.8
12/95/8,492.991,6.719,17.001,24.137,-9.454,2.8
12/95/9,465.643,6.255,15.726,22.342,-8.802,2.8
12/95/13,447.569,7.12,16.034,22.828,-10.106,2.8
12/95/14,445.431,4.741,13.635,19.344,-6.585,2.8
16/60/6,268.064,-0.505,-12.332,17.216,-0.77,2.8
16/60/7,402.302,-0.76,-19.097,26.659,-1.159,2.8
16/60/8,287.801,-0.592,-13.822,19.299,-0.898,2.8
16/60/9,273.703,-0.53,-12.758,17.811,-0.807,2.8
16/60/13,264.33,2.552,-11.532,16.108,3.501,2.8
16/60/14,263.339,-3.526,-12.494,17.43,-4.987,2.8
16/93/6,261.764,-0.505,-12.332,-17.314,0.645,2.8
16/93/7,393.797,-0.76,-19.097,-26.813,0.969,2.8
16/93/8,281.501,-0.592,-13.822,-19.402,0.76,2.8
16/93/9,267.403,-0.53,-12.758,-17.911,0.678,2.8
16/93/13,258.03,2.552,-11.532,-16.182,-3.645,2.8
16/93/14,257.039,-3.526,-12.494,-17.552,4.886,2.8
18/59/6,122.541,1.958,2.529,-3.469,2.606,2.8
18/59/7,179.859,3.031,3.869,-5.306,4.038,2.8
18/59/8,129.533,2.207,2.775,-3.808,2.946,2.8
18/59/9,124.539,2.029,2.599,-3.566,2.703,2.8
18/59/13,120.861,-0.266,4.305,-5.93,-0.453,2.8
18/59/14,121.225,4.075,0.647,-0.863,5.52,2.8
18/92/6,116.241,1.958,2.529,3.612,-2.876,2.8
18/92/7,171.354,3.031,3.869,5.528,-4.447,2.8
18/92/8,123.233,2.207,2.775,3.962,-3.235,2.8
18/92/9,118.239,2.029,2.599,3.712,-2.979,2.8
18/92/13,114.561,-0.266,4.305,6.125,0.292,2.8
18/92/14,114.925,4.075,0.647,0.948,-5.891,2.8
20/58/6,226.032,7.848,0.563,-0.586,10.89,2.8
20/58/7,339.049,12.344,0.881,-0.925,17.135,2.8
20/58/8,241.932,8.957,0.622,-0.65,12.442,2.8
20/58/9,230.575,8.165,0.58,-0.604,11.334,2.8
20/58/13,220.131,6.941,2.763,-3.657,9.678,2.8
20/58/14,225.118,8.28,-1.662,2.513,11.437,2.8
20/91/6,219.732,7.848,0.563,0.991,-11.084,2.8
20/91/7,330.544,12.344,0.881,1.543,-17.428,2.8
20/91/8,235.632,8.957,0.622,1.092,-12.636,2.8
20/91/9,224.275,8.165,0.58,1.02,-11.527,2.8
20/91/13,213.831,6.941,2.763,4.081,-9.756,2.8
20/91/14,218.818,8.28,-1.662,-2.141,-11.747,2.8
22/57/6,336.818,6.133,4.467,-6.482,8.519,2.8
22/57/7,507.472,9.721,6.729,-9.764,13.507,2.8
22/57/8,362.842,7.052,4.831,-7.011,9.81,2.8
22/57/9,344.253,6.396,4.571,-6.633,8.888,2.8
22/57/13,331.553,5.916,6.57,-9.399,8.214,2.8
22/57/14,330.929,5.957,2.209,-3.338,8.27,2.8
22/90/6,330.518,6.133,4.467,6.027,-8.655,2.8
22/90/7,498.967,9.721,6.729,9.076,-13.713,2.8
22/90/8,356.542,7.052,4.831,6.516,-9.935,2.8
22/90/9,337.953,6.396,4.571,6.167,-9.02,2.8
22/90/13,325.253,5.916,6.57,8.997,-8.351,2.8
22/90/14,324.629,5.957,2.209,2.848,-8.41,2.8
24/56/6,162.991,7.256,-0.792,1.282,9.976,2.8
24/56/7,244.191,11.502,-1.242,2,15.822,2.8
24/56/8,173.159,8.354,-0.885,1.428,11.503,2.8
24/56/9,165.896,7.57,-0.818,1.324,10.412,2.8
24/56/13,161.587,7.583,1.434,-1.816,10.368,2.8
24/56/14,160.038,6.458,-2.978,4.318,8.929,2.8
24/89/6,156.691,7.256,-0.792,-0.935,-10.341,2.8
24/89/7,235.686,11.502,-1.242,-1.478,-16.383,2.8
24/89/8,166.859,8.354,-0.885,-1.05,-11.888,2.8
24/89/9,159.596,7.57,-0.818,-0.968,-10.783,2.8
24/89/13,155.287,7.583,1.434,2.199,-10.866,2.8
24/89/14,153.738,6.458,-2.978,-4.02,-9.154,2.8
25/55/6,199.349,3.492,-11.543,16.01,4.81,2.8
25/55/7,296.445,5.392,-17.57,24.368,7.428,2.8
25/55/8,213.079,3.9,-12.673,17.579,5.375,2.8
25/55/9,203.272,3.609,-11.866,16.458,4.972,2.8
25/55/13,198.334,5.766,-9.579,13.296,7.937,2.8
25/55/14,194.48,1.044,-13.024,18.051,1.442,2.8
25/88/6,193.049,3.492,-11.543,-16.312,-4.968,2.8
25/88/7,287.94,5.392,-17.57,-24.829,-7.669,2.8
25/88/8,206.779,3.9,-12.673,-17.905,-5.544,2.8
25/88/9,196.972,3.609,-11.866,-16.767,-5.132,2.8
25/88/13,192.034,5.766,-9.579,-13.525,-8.209,2.8
25/88/14,188.18,1.044,-13.024,-18.416,-1.48,2.8
28/54/6,408.252,-5.109,29.219,-41.82,-7.109,2.8
28/54/7,610.626,-7.814,44.196,-63.25,-10.877,2.8
28/54/8,440.326,-5.651,31.847,-45.579,-7.868,2.8
28/54/9,417.416,-5.264,29.97,-42.894,-7.326,2.8
28/54/13,403.548,-7.615,26.456,-38.078,-10.572,2.8
28/54/14,399.211,-2.369,30.855,-43.95,-3.32,2.8
28/87/6,401.952,-5.109,29.219,39.994,7.195,2.8
28/87/7,602.121,-7.814,44.196,60.498,11.003,2.8
28/87/8,434.026,-5.651,31.847,43.593,7.955,2.8
28/87/9,411.116,-5.264,29.97,41.022,7.412,2.8
28/87/13,397.248,-7.615,26.456,35.999,10.751,2.8
28/87/14,392.911,-2.369,30.855,42.445,3.314,2.8
31/53/6,11.74,-11.193,-0.614,0.87,-16.953,2.8
31/53/7,15.844,-17.638,-0.967,1.371,-26.708,2.8
31/53/8,10.049,-12.793,-0.667,0.944,-19.371,2.8
31/53/9,11.257,-11.65,-0.629,0.892,-17.644,2.8
31/53/13,12.039,-11.688,-4.187,6.016,-17.662,2.8
31/53/14,12.165,-10.012,2.982,-4.306,-15.209,2.8
31/86/6,5.44,-11.193,-0.614,-0.849,14.387,2.8
31/86/7,7.339,-17.638,-0.967,-1.338,22.679,2.8
31/86/8,3.749,-12.793,-0.667,-0.922,16.45,2.8
31/86/9,4.957,-11.65,-0.629,-0.87,14.976,2.8
31/86/13,5.739,-11.688,-4.187,-5.709,15.064,2.8
31/86/14,5.865,-10.012,2.982,4.042,12.825,2.8
35/51/6,431.373,-1.947,-31.785,45.409,-2.888,2.8
35/51/7,644.96,-3.035,-48.188,68.836,-4.49,2.8
35/51/8,465.073,-2.202,-34.754,49.648,-3.259,2.8
35/51/9,441.002,-2.02,-32.633,46.62,-2.994,2.8
35/51/13,427.173,-1.296,-33.694,47.93,-1.994,2.8
35/51/14,421.13,-2.489,-28.603,41.071,-3.623,2.8
35/84/6,425.073,-1.947,-31.785,-43.589,2.563,2.8
35/84/7,636.455,-3.035,-48.188,-66.089,4.007,2.8
35/84/8,458.773,-2.202,-34.754,-47.664,2.907,2.8
35/84/9,434.702,-2.02,-32.633,-44.753,2.661,2.8
35/84/13,420.873,-1.296,-33.694,-46.412,1.633,2.8
35/84/14,414.83,-2.489,-28.603,-39.019,3.346,2.8
37/50/6,373.198,0.674,9.544,-13.771,0.874,2.8
37/50/7,560.889,0.961,14.302,-20.636,1.247,2.8
37/50/8,403.319,0.706,10.346,-14.927,0.916,2.8
37/50/9,381.804,0.683,9.773,-14.102,0.886,2.8
37/50/13,363.306,1.259,7.471,-10.946,1.684,2.8
37/50/14,370.18,0.075,11.274,-16.102,0.046,2.8
37/83/6,366.898,0.674,9.544,12.952,-1.013,2.8
37/83/7,552.384,0.961,14.302,19.409,-1.445,2.8
37/83/8,397.019,0.706,10.346,14.041,-1.062,2.8
37/83/9,375.504,0.683,9.773,13.263,-1.027,2.8
37/83/13,357.006,1.259,7.471,9.972,-1.841,2.8
37/83/14,363.88,0.075,11.274,15.465,-0.165,2.8
42/48/6,19.454,-9.006,-6.077,8.65,-13.343,2.8
42/48/7,27.673,-14.15,-9.244,13.154,-20.96,2.8
42/48/8,18.916,-10.258,-6.663,9.482,-15.196,2.8
42/48/9,19.3,-9.364,-6.244,8.888,-13.872,2.8
42/48/13,19.757,-7.04,-8.389,11.964,-10.521,2.8
42/48/14,19.381,-10.435,-3.514,4.98,-15.37,2.8
42/81/6,13.154,-9.006,-6.077,-8.365,11.873,2.8
42/81/7,19.168,-14.15,-9.244,-12.73,18.662,2.8
42/81/8,12.616,-10.258,-6.663,-9.174,13.526,2.8
42/81/9,13,-9.364,-6.244,-8.596,12.346,2.8
42/81/13,13.457,-7.04,-8.389,-11.525,9.19,2.8
42/81/14,13.081,-10.435,-3.514,-4.859,13.849,2.8
44/47/6,368.239,-4.466,-20.795,29.962,-6.375,2.8
44/47/7,548.888,-6.824,-31.42,45.265,-9.74,2.8
44/47/8,396.07,-4.975,-22.646,32.626,-7.102,2.8
44/47/9,376.19,-4.611,-21.324,30.723,-6.582,2.8
44/47/13,358.817,-1.651,-21.916,31.429,-2.513,2.8
44/47/14,365.733,-7.063,-18.881,27.354,-9.925,2.8
44/80/6,361.939,-4.466,-20.795,-28.263,6.131,2.8
44/80/7,540.383,-6.824,-31.42,-42.712,9.368,2.8
44/80/8,389.77,-4.975,-22.646,-30.783,6.827,2.8
44/80/9,369.89,-4.611,-21.324,-28.983,6.33,2.8
44/80/13,352.517,-1.651,-21.916,-29.935,2.111,2.8
44/80/14,359.433,-7.063,-18.881,-25.512,9.852,2.8
47/46/6,451.853,-2.073,26.959,-38.569,-3.431,2.8
47/46/7,680.722,-3.116,41.224,-58.968,-5.156,2.8
47/46/8,489.718,-2.229,29.611,-42.358,-3.692,2.8
47/46/9,462.672,-2.118,27.717,-39.652,-3.506,2.8
47/46/13,443.083,-5.41,25.603,-36.732,-8.074,2.8
47/46/14,444.396,1.331,27.178,-38.783,1.324,2.8
47/79/6,445.553,-2.073,26.959,36.915,2.373,2.8
47/79/7,672.217,-3.116,41.224,56.461,3.569,2.8
47/79/8,483.418,-2.229,29.611,40.552,2.549,2.8
47/79/9,456.372,-2.118,27.717,37.955,2.423,2.8
47/79/13,436.783,-5.41,25.603,34.956,7.073,2.8
47/79/14,438.096,1.331,27.178,37.316,-2.402,2.8
50/45/6,12.096,11.731,13.969,-20.256,17.826,2.8
50/45/7,16.038,17.826,21.428,-31.069,27.093,2.8
50/45/8,9.59,12.769,15.475,-22.439,19.409,2.8
50/45/9,11.38,12.027,14.4,-20.88,18.278,2.8
50/45/13,11.819,10.515,12.249,-17.775,16.029,2.8
50/45/14,13.447,12.501,15.043,-21.802,18.945,2.8
50/78/6,5.796,11.731,13.969,18.857,-15.02,2.8
50/78/7,7.533,17.826,21.428,28.93,-22.82,2.8
50/78/8,3.29,12.769,15.475,20.892,-16.345,2.8
50/78/9,5.08,12.027,14.4,19.439,-15.398,2.8
50/78/13,5.519,10.515,12.249,16.523,-13.413,2.8
50/78/14,7.147,12.501,15.043,20.32,-16.058,2.8
55/42/6,661.012,-11.494,26.703,-39.194,-17.112,2.8
55/42/7,1005.73,-17.705,41.344,-60.677,-26.34,2.8
55/42/8,720.625,-12.848,30.016,-44.041,-19.11,2.8
55/42/9,678.044,-11.881,27.65,-40.579,-17.683,2.8
55/42/13,652.064,-12.347,25.646,-38.034,-18.049,2.8
55/42/14,644.411,-10.061,26.34,-38.277,-15.319,2.8
55/75/6,649.812,-11.494,26.703,35.574,15.072,2.8
55/75/7,990.61,-17.705,41.344,55.086,23.233,2.8
55/75/8,709.425,-12.848,30.016,40.005,16.865,2.8
55/75/9,666.844,-11.881,27.65,36.84,15.584,2.8
55/75/13,640.864,-12.347,25.646,33.774,16.524,2.8
55/75/14,633.211,-10.061,26.34,35.475,12.852,2.8
58/40/6,667.864,-3.131,-22.607,33.59,-4.725,2.8
58/40/7,1017.678,-4.794,-35.157,52.221,-7.222,2.8
58/40/8,728.768,-3.449,-25.559,37.949,-5.198,2.8
58/40/9,685.265,-3.222,-23.45,34.836,-4.86,2.8
58/40/13,654.064,-1.802,-22.379,32.834,-3.109,2.8
58/40/14,655.563,-4.323,-21.569,32.478,-6.139,2.8
58/73/6,656.664,-3.131,-22.607,-29.709,4.041,2.8
58/73/7,1002.558,-4.794,-35.157,-46.218,6.202,2.8
58/73/8,717.568,-3.449,-25.559,-33.617,4.46,2.8
58/73/9,674.065,-3.222,-23.45,-30.825,4.161,2.8
58/73/13,642.864,-1.802,-22.379,-29.828,1.937,2.8
58/73/14,644.363,-4.323,-21.569,-27.914,5.967,2.8
61/39/6,277.315,2.074,11.24,-16.132,4.126,2.8
61/39/7,416.027,3.126,17.363,-24.915,6.212,2.8
61/39/8,299.175,2.254,12.568,-18.036,4.478,2.8
61/39/9,283.561,2.125,11.62,-16.676,4.227,2.8
61/39/13,273.719,-1.426,10.798,-15.523,-0.808,2.8
61/39/14,271.543,5.495,11.113,-15.925,8.909,2.8
61/72/6,271.015,2.074,11.24,15.341,-1.68,2.8
61/72/7,407.522,3.126,17.363,23.701,-2.54,2.8
61/72/8,292.875,2.254,12.568,17.155,-1.832,2.8
61/72/9,277.261,2.125,11.62,15.859,-1.723,2.8
61/72/13,267.419,-1.426,10.798,14.711,3.184,2.8
61/72/14,265.243,5.495,11.113,15.193,-6.478,2.8
67/34/6,19.502,7.05,-2.455,3.455,10.583,2.8
67/34/7,27.708,10.889,-3.814,5.362,16.352,2.8
67/34/8,18.517,7.963,-2.74,3.853,11.955,2.8
67/34/9,19.22,7.31,-2.537,3.569,10.975,2.8
67/34/13,19.732,8.586,-2.502,3.524,12.791,2.8
67/34/14,19.693,5.122,-2.287,3.215,7.788,2.8
67/68/6,13.202,7.05,-2.455,-3.42,-9.156,2.8
67/68/7,19.203,10.889,-3.814,-5.317,-14.136,2.8
67/68/8,12.217,7.963,-2.74,-3.819,-10.34,2.8
67/68/9,12.92,7.31,-2.537,-3.534,-9.494,2.8
67/68/13,13.432,8.586,-2.502,-3.48,-11.251,2.8
67/68/14,13.393,5.122,-2.287,-3.188,-6.553,2.8
69/33/6,405.396,3.168,-20.934,30.279,4.437,2.8
69/33/7,609.543,4.825,-32.033,46.322,6.762,2.8
69/33/8,438.342,3.492,-23.047,33.33,4.894,2.8
69/33/9,414.809,3.261,-21.537,31.151,4.568,2.8
69/33/13,395.491,6.787,-20.645,29.836,9.499,2.8
69/33/14,401.181,-0.589,-20.316,29.414,-0.82,2.8
69/67/6,399.096,3.168,-20.934,-28.335,-4.434,2.8
69/67/7,601.038,4.825,-32.033,-43.369,-6.748,2.8
69/67/8,432.042,3.492,-23.047,-31.202,-4.884,2.8
69/67/9,408.509,3.261,-21.537,-29.154,-4.563,2.8
69/67/13,389.191,6.787,-20.645,-27.971,-9.506,2.8
69/67/14,394.881,-0.589,-20.316,-27.47,0.83,2.8
72/32/6,307.246,-4.234,6.13,-8.69,-6.653,2.8
72/32/7,460.137,-6.417,9.548,-13.53,-10.077,2.8
72/32/8,330.912,-4.641,6.934,-9.828,-7.285,2.8
72/32/9,314.008,-4.35,6.36,-9.015,-6.833,2.8
72/32/13,301.505,-7.658,6.597,-9.347,-11.446,2.8
72/32/14,302.844,-0.636,5.319,-7.544,-1.588,2.8
72/66/6,300.946,-4.234,6.13,8.475,5.202,2.8
72/66/7,451.632,-6.417,9.548,13.204,7.89,2.8
72/66/8,324.612,-4.641,6.934,9.587,5.71,2.8
72/66/9,307.708,-4.35,6.36,8.793,5.347,2.8
72/66/13,295.205,-7.658,6.597,9.124,9.995,2.8
72/66/14,296.544,-0.636,5.319,7.348,0.191,2.8
76/30/6,532.324,4.253,-13.102,18.771,5.864,2.8
76/30/7,811.151,6.627,-20.208,28.963,9.16,2.8
76/30/8,580.072,4.845,-14.671,21.026,6.7,2.8
76/30/9,545.966,4.422,-13.55,19.415,6.103,2.8
76/30/13,520.108,2.828,-11.432,16.462,4.101,2.8
76/30/14,524.076,5.424,-14.101,20.112,7.27,2.8
76/64/6,521.124,4.253,-13.102,-17.916,-6.044,2.8
76/64/7,796.031,6.627,-20.208,-27.619,-9.395,2.8
76/64/8,568.872,4.845,-14.671,-20.051,-6.866,2.8
76/64/9,534.766,4.422,-13.55,-18.526,-6.279,2.8
76/64/13,508.908,2.828,-11.432,-15.547,-3.817,2.8
76/64/14,512.876,5.424,-14.101,-19.37,-7.918,2.8
79/29/6,404.028,-11.761,-3.319,5.132,-17.468,2.8
79/29/7,616.634,-18.354,-5.143,7.943,-27.242,2.8
79/29/8,441.329,-13.336,-3.724,5.75,-19.785,2.8
79/29/9,414.685,-12.211,-3.435,5.308,-18.13,2.8
79/29/13,396.448,-11.514,-1.735,2.925,-17.156,2.8
79/29/14,395.622,-11.333,-4.73,7.073,-16.786,2.8
79/63/6,392.828,-11.761,-3.319,-4.162,15.463,2.8
79/63/7,601.514,-18.354,-5.143,-6.456,24.148,2.8
79/63/8,430.129,-13.336,-3.724,-4.678,17.555,2.8
79/63/9,403.485,-12.211,-3.435,-4.309,16.061,2.8
79/63/13,385.248,-11.514,-1.735,-1.931,15.082,2.8
79/63/14,384.422,-11.333,-4.73,-6.171,14.947,2.8
81/28/6,627.832,7.024,16.24,-23.401,10.142,2.8
81/28/7,957.249,10.781,25.072,-36.134,15.571,2.8
81/28/8,685.023,7.772,18.194,-26.221,11.224,2.8
81/28/9,644.172,7.238,16.798,-24.207,10.451,2.8
81/28/13,617.096,7.913,17.157,-24.635,11.061,2.8
81/28/14,614.057,5.814,14.484,-20.957,8.759,2.8
81/62/6,616.632,7.024,16.24,22.07,-9.525,2.8
81/62/7,942.129,10.781,25.072,34.067,-14.614,2.8
81/62/8,673.823,7.772,18.194,24.723,-10.539,2.8
81/62/9,632.972,7.238,16.798,22.828,-9.815,2.8
81/62/13,605.896,7.913,17.157,23.405,-11.095,2.8
81/62/14,602.857,5.814,14.484,19.598,-7.521,2.8
85/26/6,357.952,-0.78,-13.773,20.046,-1.248,2.8
85/26/7,538.421,-1.185,-21.295,30.979,-1.896,2.8
85/26/8,386.994,-0.898,-15.421,22.433,-1.429,2.8
85/26/9,366.25,-0.814,-14.244,20.728,-1.299,2.8
85/26/13,353.618,2.982,-12.87,18.771,4.019,2.8
85/26/14,349.84,-4.491,-13.97,20.299,-6.437,2.8
85/60/6,351.652,-0.78,-13.773,-18.518,0.936,2.8
85/60/7,529.916,-1.185,-21.295,-28.647,1.421,2.8
85/60/8,380.694,-0.898,-15.421,-20.747,1.086,2.8
85/60/9,359.95,-0.814,-14.244,-19.155,0.979,2.8
85/60/13,347.318,2.982,-12.87,-17.265,-4.33,2.8
85/60/14,343.54,-4.491,-13.97,-18.817,6.138,2.8
87/25/6,162.719,1.93,1.748,-2.088,2.826,2.8
87/25/7,239.136,2.988,2.668,-3.184,4.37,2.8
87/25/8,172.825,2.191,1.918,-2.29,3.205,2.8
87/25/9,165.606,2.004,1.797,-2.146,2.934,2.8
87/25/13,160.659,-0.663,3.908,-5.096,-0.731,2.8
87/25/14,160.447,4.411,-0.484,1.008,6.22,2.8
87/59/6,156.419,1.93,1.748,2.808,-2.577,2.8
87/59/7,230.631,2.988,2.668,4.285,-3.995,2.8
87/59/8,166.525,2.191,1.918,3.08,-2.93,2.8
87/59/9,159.306,2.004,1.797,2.885,-2.678,2.8
87/59/13,154.359,-0.663,3.908,5.845,1.127,2.8
87/59/14,154.147,4.411,-0.484,-0.346,-6.13,2.8
89/24/6,300.489,8.351,1.184,-2.082,12.008,2.8
89/24/7,452.143,13.15,1.806,-3.168,18.909,2.8
89/24/8,324.697,9.566,1.293,-2.272,13.754,2.8
89/24/9,307.406,8.698,1.215,-2.136,12.507,2.8
89/24/13,290.576,7.401,3.81,-5.748,10.773,2.8
89/24/14,300.028,8.781,-1.49,1.665,12.494,2.8
89/58/6,294.189,8.351,1.184,1.232,-11.376,2.8
89/58/7,443.638,13.15,1.806,1.888,-17.911,2.8
89/58/8,318.397,9.566,1.293,1.348,-13.03,2.8
89/58/9,301.106,8.698,1.215,1.265,-11.849,2.8
89/58/13,284.276,7.401,3.81,4.92,-9.95,2.8
89/58/14,293.728,8.781,-1.49,-2.507,-12.094,2.8
91/23/6,458.477,6.811,-1.257,4.726,9.877,2.8
91/23/7,692.146,10.783,-1.94,7.206,15.633,2.8
91/23/8,497.061,7.846,-1.413,5.211,11.372,2.8
91/23/9,469.501,7.106,-1.302,4.864,10.304,2.8
91/23/13,450.83,6.529,1.315,1.099,9.452,2.8
91/23/14,449.588,6.648,-3.762,8.144,9.662,2.8
91/57/6,452.177,6.811,-1.257,1.206,-9.192,2.8
91/57/7,683.641,10.783,-1.94,1.773,-14.559,2.8
91/57/8,490.761,7.846,-1.413,1.255,-10.597,2.8
91/57/9,463.201,7.106,-1.302,1.22,-9.594,2.8
91/57/13,444.53,6.529,1.315,4.78,-8.83,2.8
91/57/14,443.288,6.648,-3.762,-2.39,-8.953,2.8
93/21/6,211.945,8.472,9.563,-18.327,12.544,2.8
93/21/7,319.013,13.439,14.435,-27.686,19.901,2.8
93/21/8,228.465,9.788,10.4,-19.943,14.493,2.8
93/21/9,216.665,8.848,9.802,-18.788,13.101,2.8
93/21/13,209.974,8.95,12.254,-22.11,13.18,2.8
93/21/14,206.836,7.429,6.513,-13.85,11.074,2.8
93/56/6,205.645,8.472,9.563,8.449,-11.176,2.8
93/56/7,310.508,13.439,14.435,12.733,-17.729,2.8
93/56/8,222.165,9.788,10.4,9.176,-12.913,2.8
93/56/9,210.365,8.848,9.802,8.657,-11.672,2.8
93/56/13,203.674,8.95,12.254,12.201,-11.879,2.8
93/56/14,200.536,7.429,6.513,4.385,-9.729,2.8
94/20/6,269.335,3.657,-15.78,24.287,5.185,2.8
94/20/7,401.148,5.638,-23.976,36.887,7.995,2.8
94/20/8,289.235,4.089,-17.298,26.61,5.799,2.8
94/20/9,275.021,3.78,-16.214,24.951,5.36,2.8
94/20/13,268.045,6.359,-13.515,21.158,8.887,2.8
94/20/14,262.098,0.77,-17.395,26.421,1.22,2.8
94/55/6,263.035,3.657,-15.78,-19.897,-5.055,2.8
94/55/7,392.643,5.638,-23.976,-30.246,-7.792,2.8
94/55/8,282.935,4.089,-17.298,-21.824,-5.649,2.8
94/55/9,268.721,3.78,-16.214,-20.448,-5.224,2.8
94/55/13,261.745,6.359,-13.515,-16.683,-8.919,2.8
94/55/14,255.798,0.77,-17.395,-22.286,-0.936,2.8
103/17/6,474.594,0.433,4.797,-4.482,0.314,3.05
103/17/7,713.999,0.624,7.193,-6.703,0.439,3.05
103/17/8,514.588,0.453,5.201,-4.848,0.318,3.05
103/17/9,486.021,0.439,4.912,-4.586,0.315,3.05
103/17/13,460.88,1.16,2.157,-0.342,1.434,3.05
103/17/14,471.168,-0.302,7.264,-8.464,-0.808,3.05
103/50/6,467.732,0.433,4.797,10.149,-1.008,3.05
103/50/7,704.735,0.624,7.193,15.236,-1.463,3.05
103/50/8,507.725,0.453,5.201,11.013,-1.064,3.05
103/50/9,479.158,0.439,4.912,10.396,-1.024,3.05
103/50/13,454.018,1.16,2.157,6.237,-2.105,3.05
103/50/14,464.305,-0.302,7.264,13.692,0.114,3.05
119/13/6,846.869,-1.141,-10.404,11.625,-1.469,3.05
119/13/7,1292.045,-1.784,-16.196,18.082,-2.288,3.05
119/13/8,928.002,-1.283,-11.767,13.125,-1.653,3.05
119/13/9,870.05,-1.182,-10.793,12.054,-1.522,3.05
119/13/13,828.364,2.129,-12.658,15.947,4.225,3.05
119/13/14,830.602,-4.351,-7.565,6.661,-7.085,3.05
119/40/6,834.669,-1.141,-10.404,-20.106,2.012,3.05
119/40/7,1275.575,-1.784,-16.196,-31.316,3.152,3.05
119/40/8,915.802,-1.283,-11.767,-22.763,2.262,3.05
119/40/9,857.85,-1.182,-10.793,-20.865,2.084,3.05
119/40/13,816.164,2.129,-12.658,-22.661,-2.267,3.05
119/40/14,818.402,-4.351,-7.565,-16.412,6.185,3.05
133/9/6,672.141,2.926,-5.524,6.42,2.304,3.05
133/9/7,1025.962,4.472,-8.527,9.906,3.51,3.05
133/9/8,736.607,3.248,-6.188,7.181,2.551,3.05
133/9/9,690.56,3.018,-5.713,6.637,2.375,3.05
133/9/13,654.981,-0.028,-3.883,3.663,-2.947,3.05
133/9/14,661.674,5.742,-6.879,8.85,7.45,3.05
133/30/6,659.941,2.926,-5.524,-10.428,-6.62,3.05
133/30/7,1009.492,4.472,-8.527,-16.102,-10.129,3.05
133/30/8,724.407,3.248,-6.188,-11.692,-7.355,3.05
133/30/9,678.36,3.018,-5.713,-10.789,-6.83,3.05
133/30/13,642.781,-0.028,-3.883,-8.181,-2.863,3.05
133/30/14,649.474,5.742,-6.879,-12.132,-10.062,3.05
135/8/6,495.956,-5.022,-1.453,2.281,-5.589,3.05
135/8/7,757.85,-7.907,-2.244,3.518,-8.785,3.05
135/8/8,544.122,-5.747,-1.619,2.536,-6.386,3.05
135/8/9,509.718,-5.229,-1.501,2.354,-5.817,3.05
135/8/13,486.182,-4.679,0.167,-0.455,-5.109,3.05
135/8/14,485.088,-5.053,-3.003,4.909,-5.728,3.05
135/29/6,483.756,-5.022,-1.453,-2.151,9.727,3.05
135/29/7,741.38,-7.907,-2.244,-3.325,15.33,3.05
135/29/8,531.922,-5.747,-1.619,-2.401,11.142,3.05
135/29/9,497.518,-5.229,-1.501,-2.223,10.131,3.05
135/29/13,473.982,-4.679,0.167,0.055,9.163,3.05
135/29/14,472.888,-5.053,-3.003,-4.25,9.685,3.05
138/7/6,799.406,3.725,7.827,-7.154,3.478,3.05
138/7/7,1220.533,5.672,12.093,-11.058,5.292,3.05
138/7/8,876.386,4.088,8.778,-8.034,3.808,3.05
138/7/9,821.4,3.828,8.099,-7.405,3.572,3.05
138/7/13,785.588,6.736,9.132,-9.57,8.91,3.05
138/7/14,780.231,0.558,6.115,-4.361,-2.095,3.05
138/28/6,787.206,3.725,7.827,16.719,-7.882,3.05
138/28/7,1204.063,5.672,12.093,25.825,-12.008,3.05
138/28/8,864.186,4.088,8.778,18.739,-8.659,3.05
138/28/9,809.2,3.828,8.099,17.296,-8.104,3.05
138/28/13,773.388,6.736,9.132,18.283,-11.636,3.05
138/28/14,768.031,0.558,6.115,14.29,-3.795,3.05
144/4/6,403.223,4.253,0.827,-0.674,4.08,3.05
144/4/7,607.981,6.653,1.263,-1.029,6.386,3.05
144/4/8,438.234,4.832,0.911,-0.742,4.639,3.05
144/4/9,413.226,4.418,0.851,-0.694,4.24,3.05
144/4/13,388.143,2.645,3.563,-4.923,1.326,3.05
144/4/14,403.298,5.613,-1.945,3.603,6.594,3.05
144/24/6,396.36,4.253,0.827,1.848,-8.892,3.05
144/24/7,598.717,6.653,1.263,2.822,-13.904,3.05
144/24/8,431.372,4.832,0.911,2.035,-10.098,3.05
144/24/9,406.364,4.418,0.851,1.902,-9.236,3.05
144/24/13,381.28,2.645,3.563,5.945,-6.74,3.05
144/24/14,396.435,5.613,-1.945,-2.329,-10.527,3.05
146/3/6,451.252,3.445,-3.263,3.484,3.349,3.05
146/3/7,681.579,5.416,-4.948,5.285,5.27,3.05
146/3/8,490.714,3.935,-3.566,3.809,3.828,3.05
146/3/9,462.527,3.585,-3.35,3.577,3.486,3.05
146/3/13,443.916,3.383,-0.517,-0.775,3.328,3.05
146/3/14,441.676,3.297,-5.88,7.604,3.165,3.05
146/23/6,444.389,3.445,-3.263,-6.469,-7.158,3.05
146/23/7,672.315,5.416,-4.948,-9.806,-11.249,3.05
146/23/8,483.851,3.935,-3.566,-7.067,-8.172,3.05
146/23/9,455.664,3.585,-3.35,-6.64,-7.448,3.05
146/23/13,437.053,3.383,-0.517,-2.351,-6.991,3.05
146/23/14,434.813,3.297,-5.88,-10.331,-6.89,3.05
149/2/6,342.061,2.805,7.446,-7.404,2.754,3.05
149/2/7,516.587,4.43,11.26,-11.193,4.353,3.05
149/2/8,372.162,3.223,8.102,-8.054,3.166,3.05
149/2/9,350.661,2.924,7.634,-7.59,2.872,3.05
149/2/13,337.418,3.609,10.22,-11.691,4.321,3.05
149/2/14,333.803,1.821,4.392,-2.839,1.01,3.05
149/22/6,335.198,2.805,7.446,15.307,-5.8,3.05
149/22/7,507.323,4.43,11.26,23.149,-9.157,3.05
149/22/8,365.3,3.223,8.102,16.658,-6.663,3.05
149/22/9,343.799,2.924,7.634,15.693,-6.047,3.05
149/22/13,330.555,3.609,10.22,19.48,-6.685,3.05
149/22/14,326.94,1.821,4.392,10.556,-4.545,3.05
153/153/6,88.435,-6.288,27.781,-37.621,-8.434,2.8
153/153/7,131.035,-9.556,42.01,-56.909,-12.854,2.8
153/153/8,92.984,-6.784,30.174,-40.911,-9.19,2.8
153/153/9,89.735,-6.43,28.465,-38.561,-8.65,2.8
153/153/13,87.724,-6.995,26.629,-36.084,-9.34,2.8
153/153/14,87.197,-5.368,27.906,-37.748,-7.204,2.8
153/186/6,82.135,-6.288,27.781,40.165,9.172,2.8
153/186/7,122.53,-9.556,42.01,60.719,13.902,2.8
153/186/8,86.684,-6.784,30.174,43.578,9.805,2.8
153/186/9,83.435,-6.43,28.465,41.14,9.353,2.8
153/186/13,81.424,-6.995,26.629,38.477,10.246,2.8
153/186/14,80.897,-5.368,27.906,40.389,7.828,2.8
156/152/6,19.417,-10.917,-0.708,0.93,-14.169,2.8
156/152/7,24.993,-16.838,-1.15,1.493,-22.044,2.8
156/152/8,11.747,-11.599,-0.857,1.079,-15.499,2.8
156/152/9,17.226,-11.112,-0.751,0.973,-14.549,2.8
156/152/13,20.837,-10.986,-1.721,2.339,-14.124,2.8
156/152/14,21.285,-10.556,0.369,-0.542,-13.644,2.8
156/185/6,13.117,-10.917,-0.708,-1.052,16.399,2.8
156/185/7,16.488,-16.838,-1.15,-1.727,25.101,2.8
156/185/8,5.447,-11.599,-0.857,-1.321,16.978,2.8
156/185/9,10.926,-11.112,-0.751,-1.129,16.565,2.8
156/185/13,14.537,-10.986,-1.721,-2.48,16.637,2.8
156/185/14,14.985,-10.556,0.369,0.492,15.913,2.8
160/150/6,94.275,-1.431,-30.744,41.823,-1.94,2.8
160/150/7,139.608,-2.24,-46.514,63.336,-3.064,2.8
160/150/8,99.167,-1.514,-33.311,45.456,-2.115,2.8
160/150/9,95.673,-1.455,-31.477,42.861,-1.99,2.8
160/150/13,93.36,-1.094,-31.177,42.34,-1.465,2.8
160/150/14,93.095,-1.732,-29.21,39.748,-2.34,2.8
160/183/6,87.975,-1.431,-30.744,-44.26,2.066,2.8
160/183/7,131.103,-2.24,-46.514,-66.904,3.207,2.8
160/183/8,92.867,-1.514,-33.311,-47.814,2.123,2.8
160/183/9,89.373,-1.455,-31.477,-45.276,2.082,2.8
160/183/13,87.06,-1.094,-31.177,-44.957,1.597,2.8
160/183/14,86.795,-1.732,-29.21,-42.041,2.51,2.8
162/149/6,88.838,1.101,7.125,-9.952,1.488,2.8
162/149/7,131.429,1.556,10.621,-14.862,2.106,2.8
162/149/8,90.997,1.15,7.638,-10.717,1.565,2.8
162/149/9,89.455,1.115,7.271,-10.171,1.51,2.8
162/149/13,88.139,1.383,6.23,-8.747,1.872,2.8
162/149/14,88.611,0.798,7.8,-10.829,1.07,2.8
162/182/6,82.538,1.101,7.125,9.997,-1.595,2.8
162/182/7,122.924,1.556,10.621,14.877,-2.251,2.8
162/182/8,84.697,1.15,7.638,10.669,-1.655,2.8
162/182/9,83.155,1.115,7.271,10.189,-1.613,2.8
162/182/13,81.839,1.383,6.23,8.697,-2,2.8
162/182/14,82.311,0.798,7.8,11.01,-1.165,2.8
167/147/6,17.88,-9.099,-5.391,7.618,-12.096,2.8
167/147/7,23.473,-14.014,-8.208,11.604,-18.767,2.8
167/147/8,12.08,-9.713,-5.857,8.293,-13.227,2.8
167/147/9,16.223,-9.275,-5.524,7.811,-12.419,2.8
167/147/13,20.059,-8.588,-5.988,8.436,-11.377,2.8
167/147/14,18.187,-9.346,-4.595,6.51,-12.329,2.8
167/180/6,11.58,-9.099,-5.391,-7.478,13.382,2.8
167/180/7,14.968,-14.014,-8.208,-11.378,20.473,2.8
167/180/8,5.78,-9.713,-5.857,-8.106,13.97,2.8
167/180/9,9.923,-9.275,-5.524,-7.657,13.55,2.8
167/180/13,13.759,-8.588,-5.988,-8.329,12.67,2.8
167/180/14,11.887,-9.346,-4.595,-6.357,13.841,2.8
169/146/6,77.661,-5.326,-17.788,24.317,-7.108,2.8
169/146/7,114.504,-8.014,-26.899,36.779,-10.755,2.8
169/146/8,81.163,-5.618,-19.307,26.414,-7.637,2.8
169/146/9,78.662,-5.409,-18.222,24.916,-7.259,2.8
169/146/13,76.097,-4.38,-17.813,24.327,-5.848,2.8
169/146/14,77.725,-6.146,-17.111,23.408,-8.142,2.8
169/179/6,71.361,-5.326,-17.788,-25.489,7.803,2.8
169/179/7,105.999,-8.014,-26.899,-38.539,11.684,2.8
169/179/8,74.863,-5.618,-19.307,-27.646,8.092,2.8
169/179/9,72.362,-5.409,-18.222,-26.106,7.886,2.8
169/179/13,69.797,-4.38,-17.813,-25.55,6.417,2.8
169/179/14,71.425,-6.146,-17.111,-24.504,9.066,2.8
172/145/6,95.552,-0.123,24.958,-33.863,-0.273,2.8
172/145/7,142.064,-0.211,38.206,-51.846,-0.436,2.8
172/145/8,99.787,-0.191,27.369,-37.155,-0.347,2.8
172/145/9,96.762,-0.142,25.647,-34.804,-0.294,2.8
172/145/13,95.097,-1.184,24.346,-33.044,-1.739,2.8
172/145/14,94.192,0.967,24.538,-33.272,1.224,2.8
172/178/6,89.252,-0.123,24.958,36.02,0.071,2.8
172/178/7,133.559,-0.211,38.206,55.129,0.154,2.8
172/178/8,93.487,-0.191,27.369,39.477,0.187,2.8
172/178/9,90.462,-0.142,25.647,37.008,0.104,2.8
172/178/13,88.797,-1.184,24.346,35.124,1.575,2.8
172/178/14,87.892,0.967,24.538,35.434,-1.484,2.8
175/144/6,20.29,10.27,11.973,-16.536,13.361,2.8
175/144/7,25.191,15.685,18.244,-25.29,20.355,2.8
175/144/8,9.313,11.359,12.897,-18.033,14.663,2.8
175/144/9,17.154,10.582,12.237,-16.964,13.733,2.8
175/144/13,21.831,9.874,11.437,-15.763,12.922,2.8
175/144/14,23.454,10.2,12.112,-16.669,13.241,2.8
175/177/6,13.99,10.27,11.973,16.987,-15.397,2.8
175/177/7,16.686,15.685,18.244,25.794,-23.564,2.8
175/177/8,3.013,11.359,12.897,18.079,-17.143,2.8
175/177/9,10.854,10.582,12.237,17.299,-15.896,2.8
175/177/13,15.531,9.874,11.437,16.261,-14.725,2.8
175/177/14,17.154,10.2,12.112,17.244,-15.32,2.8
180/141/6,156.839,-12.91,32.925,-39.42,-15.7,2.8
180/141/7,233.992,-19.532,49.958,-60.367,-23.959,2.8
180/141/8,160.32,-13.554,34.575,-42.693,-16.967,2.8
180/141/9,157.834,-13.094,33.397,-40.355,-16.062,2.8
180/141/13,156.562,-13.129,32.395,-38.591,-15.745,2.8
180/141/14,155.625,-12.415,32.749,-38.846,-15.112,2.8
180/174/6,145.639,-12.91,32.925,52.771,20.447,2.8
180/174/7,218.872,-19.532,49.958,79.515,30.73,2.8
180/174/8,149.12,-13.554,34.575,54.117,20.983,2.8
180/174/9,146.634,-13.094,33.397,53.156,20.601,2.8
180/174/13,145.362,-13.129,32.395,52.116,21.016,2.8
180/174/14,144.425,-12.415,32.749,52.85,19.65,2.8
184/139/6,160.445,-3.375,-28.695,34.177,-4.158,2.8
184/139/7,239.419,-5.186,-43.568,52.41,-6.393,2.8
184/139/8,163.421,-3.692,-29.99,36.925,-4.559,2.8
184/139/9,161.295,-3.466,-29.065,34.962,-4.273,2.8
184/139/13,159.758,-2.971,-28.703,33.846,-3.726,2.8
184/139/14,159.856,-3.644,-28.132,33.329,-4.419,2.8
184/172/6,149.245,-3.375,-28.695,-46.17,5.292,2.8
184/172/7,224.299,-5.186,-43.568,-69.579,8.129,2.8
184/172/8,152.221,-3.692,-29.99,-47.046,5.778,2.8
184/172/9,150.095,-3.466,-29.065,-46.42,5.431,2.8
184/172/13,148.558,-2.971,-28.703,-46.523,4.593,2.8
184/172/14,148.656,-3.644,-28.132,-45.442,5.784,2.8
187/138/6,66.168,0.066,11.514,-15.343,0.081,2.8
187/138/7,97.669,0.128,17.592,-23.562,0.163,2.8
187/138/8,68.019,0.081,12.348,-16.735,0.105,2.8
187/138/9,66.697,0.07,11.752,-15.74,0.088,2.8
187/138/13,65.688,-1.024,11.319,-15.019,-1.423,2.8
187/138/14,65.855,1.149,11.352,-15.07,1.574,2.8
187/171/6,59.868,0.066,11.514,16.896,-0.104,2.8
187/171/7,89.164,0.128,17.592,25.695,-0.196,2.8
187/171/8,61.719,0.081,12.348,17.839,-0.123,2.8
187/171/9,60.397,0.07,11.752,17.166,-0.109,2.8
187/171/13,59.388,-1.024,11.319,16.673,1.445,2.8
187/171/14,59.555,1.149,11.352,16.715,-1.644,2.8
193/134/6,16.879,6.683,-2.009,2.992,8.781,2.8
193/134/7,21.425,10.059,-3.158,4.688,13.354,2.8
193/134/8,8.944,6.929,-2.225,3.305,9.429,2.8
193/134/9,14.612,6.753,-2.071,3.081,8.966,2.8
193/134/13,17.963,6.982,-2.02,3.003,9.085,2.8
193/134/14,19.196,6.278,-1.907,2.846,8.199,2.8
193/167/6,10.579,6.683,-2.009,-2.635,-9.93,2.8
193/167/7,12.92,10.059,-3.158,-4.153,-14.811,2.8
193/167/8,2.644,6.929,-2.225,-2.925,-9.971,2.8
193/167/9,8.312,6.753,-2.071,-2.718,-9.942,2.8
193/167/13,11.663,6.982,-2.02,-2.653,-10.463,2.8
193/167/14,12.896,6.278,-1.907,-2.492,-9.38,2.8
195/133/6,90.128,3.333,-18.576,25.084,4.545,2.8
195/133/7,133.49,5.02,-28.406,38.397,6.875,2.8
195/133/8,93.244,3.573,-20.258,27.451,4.941,2.8
195/133/9,91.018,3.402,-19.056,25.761,4.658,2.8
195/133/13,90.113,4.376,-18.368,24.787,5.969,2.8
195/133/14,88.808,2.188,-18.063,24.368,2.951,2.8
195/166/6,83.828,3.333,-18.576,-26.928,-4.788,2.8
195/166/7,124.985,5.02,-28.406,-41.138,-7.182,2.8
195/166/8,86.944,3.573,-20.258,-29.271,-5.064,2.8
195/166/9,84.718,3.402,-19.056,-27.598,-4.867,2.8
195/166/13,83.813,4.376,-18.368,-26.643,-6.283,2.8
195/166/14,82.508,2.188,-18.063,-26.209,-3.175,2.8
198/132/6,73.645,-3.012,6.924,-9.058,-4.126,2.8
198/132/7,107.405,-4.522,10.614,-14.001,-6.216,2.8
198/132/8,72.716,-3.223,7.357,-9.887,-4.464,2.8
198/132/9,73.38,-3.072,7.048,-9.295,-4.223,2.8
198/132/13,73.935,-4.076,7.028,-9.14,-5.586,2.8
198/132/14,73.754,-1.859,6.633,-8.621,-2.522,2.8
198/165/6,67.345,-3.012,6.924,10.328,4.308,2.8
198/165/7,98.9,-4.522,10.614,15.718,6.447,2.8
198/165/8,66.416,-3.223,7.357,10.714,4.559,2.8
198/165/9,67.08,-3.072,7.048,10.438,4.38,2.8
198/165/13,67.635,-4.076,7.028,10.539,5.827,2.8
198/165/14,67.454,-1.859,6.633,9.951,2.682,2.8
202/130/6,133.838,6.612,-16.543,21.285,7.912,2.8
202/130/7,198.408,9.975,-25.004,32.347,12.07,2.8
202/130/8,132.956,6.851,-17.48,22.904,8.499,2.8
202/130/9,133.586,6.68,-16.81,21.748,8.079,2.8
202/130/13,133.923,6.164,-15.893,20.402,7.404,2.8
202/130/14,134.131,6.957,-16.791,21.474,8.168,2.8
202/163/6,122.638,6.612,-16.543,-25.034,-10.601,2.8
202/163/7,183.288,9.975,-25.004,-37.664,-15.861,2.8
202/163/8,121.756,6.851,-17.48,-26.039,-10.683,2.8
202/163/9,122.386,6.68,-16.81,-25.321,-10.624,2.8
202/163/13,122.723,6.164,-15.893,-24.097,-9.854,2.8
202/163/14,122.931,6.957,-16.791,-25.541,-11.312,2.8
206/129/6,92.273,-16.12,-3.027,3.851,-18.981,2.8
206/129/7,137.75,-24.519,-4.615,5.891,-29.168,2.8
206/129/8,93.758,-16.845,-3.199,4.118,-20.548,2.8
206/129/9,92.697,-16.327,-3.076,3.927,-19.429,2.8
206/129/13,91.946,-15.969,-2.473,3.159,-18.645,2.8
206/129/14,91.962,-15.96,-3.509,4.428,-18.645,2.8
206/162/6,81.073,-16.12,-3.027,-4.626,26.155,2.8
206/162/7,122.63,-24.519,-4.615,-7.031,39.486,2.8
206/162/8,82.558,-16.845,-3.199,-4.838,26.617,2.8
206/162/9,81.497,-16.327,-3.076,-4.686,26.287,2.8
206/162/13,80.746,-15.969,-2.473,-3.765,26.068,2.8
206/162/14,80.762,-15.96,-3.509,-5.395,26.044,2.8
208/128/6,153.506,7.134,19.786,-25.127,9.075,2.8
208/128/7,228.583,10.889,29.984,-38.351,13.893,2.8
208/128/8,154.74,7.726,20.931,-27.223,9.918,2.8
208/128/9,153.859,7.303,20.113,-25.726,9.316,2.8
208/128/13,153.551,7.443,20,-25.223,9.333,2.8
208/128/14,152.932,6.571,19.081,-24.133,8.455,2.8
208/161/6,142.306,7.134,19.786,30.273,-10.9,2.8
208/161/7,213.463,10.889,29.984,45.603,-16.595,2.8
208/161/8,143.54,7.726,20.931,31.383,-11.713,2.8
208/161/9,142.659,7.303,20.113,30.59,-11.132,2.8
208/161/13,142.351,7.443,20,30.777,-11.507,2.8
208/161/14,141.732,6.571,19.081,29.294,-9.944,2.8
212/126/6,85.81,-0.37,-14.314,18.84,-0.459,2.8
212/126/7,126.295,-0.485,-21.867,28.931,-0.62,2.8
212/126/8,86.501,-0.284,-15.315,20.502,-0.406,2.8
212/126/9,86.007,-0.345,-14.6,19.315,-0.444,2.8
212/126/13,85.226,0.723,-13.943,18.282,1.065,2.8
212/126/14,86.097,-1.499,-14.256,18.686,-2.006,2.8
212/159/6,79.51,-0.37,-14.314,-21.24,0.576,2.8
212/159/7,117.79,-0.485,-21.867,-32.296,0.737,2.8
212/159/8,80.201,-0.284,-15.315,-22.379,0.391,2.8
212/159/9,79.707,-0.345,-14.6,-21.565,0.523,2.8
212/159/13,78.926,0.723,-13.943,-20.76,-0.959,2.8
212/159/14,79.797,-1.499,-14.256,-21.232,2.19,2.8
214/125/6,38.314,2.951,3.224,-4.321,3.854,2.8
214/125/7,55.423,4.447,4.928,-6.62,5.857,2.8
214/125/8,38.953,3.044,3.499,-4.726,4.09,2.8
214/125/9,38.497,2.977,3.303,-4.437,3.922,2.8
214/125/13,37.97,2.083,3.796,-5.074,2.696,2.8
214/125/14,38.384,3.777,2.534,-3.394,4.912,2.8
214/158/6,32.014,2.951,3.224,4.706,-4.407,2.8
214/158/7,46.918,4.447,4.928,7.179,-6.596,2.8
214/158/8,32.653,3.044,3.499,5.072,-4.434,2.8
214/158/9,32.197,2.977,3.303,4.81,-4.415,2.8
214/158/13,31.67,2.083,3.796,5.553,-3.137,2.8
214/158/14,32.084,3.777,2.534,3.701,-5.665,2.8
216/124/6,72.952,9.687,1.297,-1.806,12.442,2.8
216/124/7,106.645,14.868,2.005,-2.8,19.292,2.8
216/124/8,71.821,10.17,1.428,-2.007,13.528,2.8
216/124/9,72.629,9.825,1.334,-1.863,12.752,2.8
216/124/13,73.103,9.349,2.1,-2.908,11.967,2.8
216/124/14,73.284,9.819,0.437,-0.618,12.45,2.8
216/157/6,66.652,9.687,1.297,1.825,-14.683,2.8
216/157/7,98.14,14.868,2.005,2.814,-22.337,2.8
216/157/8,65.521,10.17,1.428,1.991,-14.949,2.8
216/157/9,66.329,9.825,1.334,1.873,-14.759,2.8
216/157/13,66.803,9.349,2.1,2.973,-14.21,2.8
216/157/14,66.984,9.819,0.437,0.605,-15.043,2.8
218/123/6,106.881,7.633,3.921,-5.418,9.489,2.8
218/123/7,158.347,11.77,5.931,-8.191,14.832,2.8
218/123/8,109.089,7.952,4.309,-5.942,10.348,2.8
218/123/9,107.512,7.724,4.032,-5.568,9.735,2.8
218/123/13,106.441,7.554,4.744,-6.54,9.293,2.8
218/123/14,106.376,7.575,2.931,-4.073,9.318,2.8
218/156/6,100.581,7.633,3.921,5.56,-11.883,2.8
218/156/7,149.842,11.77,5.931,8.416,-18.124,2.8
218/156/8,102.789,7.952,4.309,6.123,-11.918,2.8
218/156/9,101.212,7.724,4.032,5.721,-11.893,2.8
218/156/13,100.141,7.554,4.744,6.743,-11.858,2.8
218/156/14,100.076,7.575,2.931,4.135,-11.893,2.8
220/122/6,56.644,9.286,-0.709,1.084,11.834,2.8
220/122/7,81.821,14.301,-1.122,1.698,18.45,2.8
220/122/8,53.29,9.707,-0.784,1.171,12.896,2.8
220/122/9,55.686,9.406,-0.73,1.109,12.137,2.8
220/122/13,57.308,9.39,0.167,-0.115,11.799,2.8
220/122/14,57.417,9.001,-1.553,2.247,11.414,2.8
220/155/6,50.344,9.286,-0.709,-0.9,-14.166,2.8
220/155/7,73.316,14.301,-1.122,-1.442,-21.594,2.8
220/155/8,46.99,9.707,-0.784,-1.024,-14.285,2.8
220/155/9,49.386,9.406,-0.73,-0.935,-14.2,2.8
220/155/13,51.008,9.39,0.167,0.354,-14.493,2.8
220/155/14,51.117,9.001,-1.553,-2.1,-13.788,2.8
221/121/6,60.154,4.215,-12.922,17.426,5.609,2.8
221/121/7,88.193,6.418,-19.582,26.445,8.592,2.8
221/121/8,61.817,4.473,-13.944,18.896,6.079,2.8
221/121/9,60.629,4.289,-13.214,17.846,5.743,2.8
221/121/13,60.192,5.076,-12.093,16.309,6.707,2.8
221/121/14,59.402,3.243,-13.314,17.912,4.309,2.8
221/154/6,53.854,4.215,-12.922,-18.757,-6.194,2.8
221/154/7,79.688,6.418,-19.582,-28.386,-9.377,2.8
221/154/8,55.517,4.473,-13.944,-20.147,-6.445,2.8
221/154/9,54.329,4.289,-13.214,-19.154,-6.266,2.8
221/154/13,53.892,5.076,-12.093,-17.551,-7.507,2.8
221/154/14,53.102,3.243,-13.314,-19.367,-4.773,2.8
224/120/6,194.316,-5.509,25.693,-36.23,-7.713,2.8
224/120/7,289.805,-8.434,38.885,-54.831,-11.804,2.8
224/120/8,207.884,-6.098,28.003,-39.49,-8.53,2.8
224/120/9,198.193,-5.677,26.353,-37.161,-7.946,2.8
224/120/13,192.16,-6.942,23.855,-33.715,-9.658,2.8
224/120/14,190.657,-3.822,26.541,-37.346,-5.418,2.8
224/153/6,188.016,-5.509,25.693,35.71,7.711,2.8
224/153/7,281.3,-8.434,38.885,54.046,11.811,2.8
224/153/8,201.584,-6.098,28.003,38.918,8.546,2.8
224/153/9,191.893,-5.677,26.353,36.627,7.95,2.8
224/153/13,185.86,-6.942,23.855,33.078,9.78,2.8
224/153/14,184.357,-3.822,26.541,36.968,5.284,2.8
227/119/6,20.104,-8.926,-0.516,0.731,-12.675,2.8
227/119/7,26.815,-14.122,-0.816,1.157,-20.022,2.8
227/119/8,14.741,-10.314,-0.552,0.787,-14.575,2.8
227/119/9,18.571,-9.323,-0.526,0.747,-13.218,2.8
227/119/13,20.878,-9.046,-2.443,3.41,-12.795,2.8
227/119/14,21.628,-8.211,1.426,-1.971,-11.739,2.8
227/152/6,13.804,-8.926,-0.516,-0.714,12.318,2.8
227/152/7,18.31,-14.122,-0.816,-1.128,19.521,2.8
227/152/8,8.441,-10.314,-0.552,-0.76,14.304,2.8
227/152/9,12.271,-9.323,-0.526,-0.727,12.885,2.8
227/152/13,14.578,-9.046,-2.443,-3.43,12.532,2.8
227/152/14,15.328,-8.211,1.426,2.023,11.252,2.8
231/117/6,204.112,-1.423,-28.52,40.147,-2.041,2.8
231/117/7,304.234,-2.274,-43.276,60.912,-3.253,2.8
231/117/8,218.236,-1.642,-31.205,43.918,-2.348,2.8
231/117/9,208.147,-1.486,-29.287,41.224,-2.129,2.8
231/117/13,201.73,-0.932,-29.598,41.591,-1.36,2.8
231/117/14,200.441,-1.821,-26.292,37.087,-2.591,2.8
231/150/6,197.812,-1.423,-28.52,-39.709,1.944,2.8
231/150/7,295.729,-2.274,-43.276,-60.26,3.114,2.8
231/150/8,211.936,-1.642,-31.205,-43.456,2.249,2.8
231/150/9,201.847,-1.486,-29.287,-40.78,2.031,2.8
231/150/13,195.43,-0.932,-29.598,-41.283,1.249,2.8
231/150/14,194.141,-1.821,-26.292,-36.529,2.508,2.8
233/116/6,181.931,0.915,7.425,-10.521,1.258,2.8
233/116/7,272.05,1.293,11.119,-15.757,1.778,2.8
233/116/8,193.34,0.964,8.048,-11.405,1.323,2.8
233/116/9,185.191,0.929,7.603,-10.774,1.277,2.8
233/116/13,178.638,1.325,6.047,-8.629,1.826,2.8
233/116/14,180.335,0.483,8.536,-12.035,0.662,2.8
233/149/6,175.631,0.915,7.425,10.268,-1.303,2.8
233/149/7,263.545,1.293,11.119,15.377,-1.843,2.8
233/149/8,187.04,0.964,8.048,11.129,-1.377,2.8
233/149/9,178.891,0.929,7.603,10.514,-1.324,2.8
233/149/13,172.338,1.325,6.047,8.302,-1.883,2.8
233/149/14,174.035,0.483,8.536,11.866,-0.691,2.8
238/114/6,25.01,-7.903,-5.492,7.703,-11.136,2.8
238/114/7,34.822,-12.44,-8.383,11.754,-17.511,2.8
238/114/8,21.598,-9.058,-6.027,8.453,-12.722,2.8
238/114/9,24.035,-8.233,-5.645,7.917,-11.589,2.8
238/114/13,27.111,-6.798,-6.693,9.373,-9.649,2.8
238/114/14,24.372,-8.513,-4.062,5.711,-11.942,2.8
238/147/6,18.71,-7.903,-5.492,-7.676,10.993,2.8
238/147/7,26.317,-12.44,-8.383,-11.717,17.322,2.8
238/147/8,15.298,-9.058,-6.027,-8.423,12.639,2.8
238/147/9,17.735,-8.233,-5.645,-7.889,11.463,2.8
238/147/13,20.811,-6.798,-6.693,-9.369,9.385,2.8
238/147/14,18.072,-8.513,-4.062,-5.663,11.895,2.8
240/113/6,171.372,-4.652,-17.009,24.072,-6.53,2.8
240/113/7,254.554,-7.122,-25.739,36.424,-9.989,2.8
240/113/8,182.616,-5.201,-18.529,26.223,-7.284,2.8
240/113/9,174.585,-4.809,-17.443,24.686,-6.745,2.8
240/113/13,167.245,-2.885,-17.553,24.791,-4.138,2.8
240/113/14,170.68,-6.183,-15.813,22.43,-8.598,2.8
240/146/6,165.072,-4.652,-17.009,-23.553,6.495,2.8
240/146/7,246.049,-7.122,-25.739,-35.646,9.952,2.8
240/146/8,176.316,-5.201,-18.529,-25.658,7.279,2.8
240/146/9,168.285,-4.809,-17.443,-24.155,6.719,2.8
240/146/13,160.945,-2.885,-17.553,-24.358,3.94,2.8
240/146/14,164.38,-6.183,-15.813,-21.847,8.715,2.8
243/112/6,208.02,-0.462,23.285,-32.862,-0.699,2.8
243/112/7,312.035,-0.692,35.651,-50.313,-1.048,2.8
243/112/8,222.829,-0.479,25.572,-36.098,-0.729,2.8
243/112/9,212.251,-0.467,23.939,-33.787,-0.708,2.8
243/112/13,205.397,-2.474,22.377,-31.615,-3.495,2.8
243/112/14,204.296,1.557,23.213,-32.723,2.108,2.8
243/145/6,201.72,-0.462,23.285,32.337,0.594,2.8
243/145/7,303.53,-0.692,35.651,49.509,0.889,2.8
243/145/8,216.529,-0.479,25.572,35.504,0.611,2.8
243/145/9,205.951,-0.467,23.939,33.242,0.599,2.8
243/145/13,199.097,-2.474,22.377,31.042,3.433,2.8
243/145/14,197.996,1.557,23.213,32.274,-2.251,2.8
246/111/6,21.982,8.513,11.813,-16.654,12.123,2.8
246/111/7,28.957,12.915,18.164,-25.597,18.401,2.8
246/111/8,14.546,9.22,13.132,-18.493,13.151,2.8
246/111/9,19.857,8.715,12.19,-17.179,12.417,2.8
246/111/13,22.322,7.908,10.835,-15.302,11.347,2.8
246/111/14,24.828,8.815,12.226,-17.218,12.459,2.8
246/144/6,15.682,8.513,11.813,16.423,-11.714,2.8
246/144/7,20.452,12.915,18.164,25.262,-17.76,2.8
246/144/8,8.246,9.22,13.132,18.277,-12.664,2.8
246/144/9,13.557,8.715,12.19,16.953,-11.985,2.8
246/144/13,16.022,7.908,10.835,15.036,-10.797,2.8
246/144/14,18.528,8.815,12.226,17.014,-12.224,2.8
251/108/6,323.368,-9.069,22.083,-32.424,-13.253,2.8
251/108/7,488.899,-14.069,34.416,-50.359,-20.495,2.8
251/108/8,345.379,-10.337,25.326,-36.781,-14.96,2.8
251/108/9,329.657,-9.431,23.009,-33.669,-13.741,2.8
251/108/13,319.914,-9.596,20.972,-31.048,-13.808,2.8
251/108/14,317.389,-7.998,21.804,-31.933,-11.967,2.8
251/141/6,312.168,-9.069,22.083,29.408,12.14,2.8
251/141/7,473.779,-14.069,34.416,46.004,18.897,2.8
251/141/8,334.179,-10.337,25.326,34.131,13.983,2.8
251/141/9,318.457,-9.431,23.009,30.757,12.667,2.8
251/141/13,308.714,-9.596,20.972,27.675,13.062,2.8
251/141/14,306.189,-7.998,21.804,29.117,10.428,2.8
254/106/6,327.049,-2.572,-18.609,27.449,-3.757,2.8
254/106/7,494.968,-3.963,-29.162,42.833,-5.782,2.8
254/106/8,349.098,-2.856,-21.55,31.363,-4.161,2.8
254/106/9,333.348,-2.653,-19.449,28.568,-3.872,2.8
254/106/13,322.141,-1.659,-18.465,27.156,-2.626,2.8
254/106/14,322.506,-3.365,-17.492,26.065,-4.715,2.8
254/139/6,315.849,-2.572,-18.609,-24.655,3.446,2.8
254/139/7,479.848,-3.963,-29.162,-38.822,5.316,2.8
254/139/8,337.898,-2.856,-21.55,-28.978,3.835,2.8
254/139/9,322.148,-2.653,-19.449,-25.89,3.557,2.8
254/139/13,310.941,-1.659,-18.465,-24.546,2.018,2.8
254/139/14,311.306,-3.365,-17.492,-22.911,4.707,2.8
257/105/6,142.198,-0.047,10.107,-14.238,-0.102,2.8
257/105/7,212.233,-0.039,15.66,-22.046,-0.112,2.8
257/105/8,150.931,-0.021,11.359,-15.975,-0.073,2.8
257/105/9,144.693,-0.04,10.465,-14.734,-0.094,2.8
257/105/13,140.417,-2.083,9.765,-13.763,-2.932,2.8
257/105/14,140.238,1.978,9.913,-13.968,2.715,2.8
257/138/6,135.898,-0.047,10.107,14.063,0.029,2.8
257/138/7,203.728,-0.039,15.66,21.802,-0.003,2.8
257/138/8,144.631,-0.021,11.359,15.832,-0.014,2.8
257/138/9,138.393,-0.04,10.465,14.568,0.017,2.8
257/138/13,134.117,-2.083,9.765,13.58,2.901,2.8
257/138/14,133.938,1.978,9.913,13.788,-2.825,2.8
263/101/6,23.953,5.576,-2.313,3.234,7.878,2.8
263/101/7,32.975,8.645,-3.624,5.066,12.196,2.8
263/101/8,19.035,6.378,-2.588,3.622,8.967,2.8
263/101/9,22.548,5.805,-2.391,3.345,8.189,2.8
263/101/13,24.139,6.247,-2.308,3.227,8.771,2.8
263/101/14,25.874,4.561,-2.199,3.074,6.518,2.8
263/134/6,17.653,5.576,-2.313,-3.242,-7.734,2.8
263/134/7,24.47,8.645,-3.624,-5.081,-12.009,2.8
263/134/8,12.735,6.378,-2.588,-3.626,-8.891,2.8
263/134/9,16.248,5.805,-2.391,-3.352,-8.065,2.8
263/134/13,17.839,6.247,-2.308,-3.236,-8.72,2.8
263/134/14,19.574,4.561,-2.199,-3.083,-6.252,2.8
265/100/6,190.88,3.033,-17.15,24.3,4.244,2.8
265/100/7,285.567,4.615,-26.308,37.265,6.455,2.8
265/100/8,203.404,3.354,-18.924,26.799,4.686,2.8
265/100/9,194.459,3.125,-17.657,25.014,4.37,2.8
265/100/13,188.589,5.093,-16.92,23.977,7.109,2.8
265/100/14,187.805,0.836,-16.62,23.552,1.19,2.8
265/133/6,184.58,3.033,-17.15,-23.721,-4.25,2.8
265/133/7,277.062,4.615,-26.308,-36.397,-6.468,2.8
265/133/8,197.104,3.354,-18.924,-26.187,-4.706,2.8
265/133/9,188.159,3.125,-17.657,-24.426,-4.38,2.8
265/133/13,182.289,5.093,-16.92,-23.4,-7.151,2.8
265/133/14,181.505,0.836,-16.62,-22.985,-1.152,2.8
266/99/6,147.79,-2.85,5.778,-8.158,-4.001,2.8
266/99/7,219.476,-4.318,9.055,-12.769,-6.062,2.8
266/99/8,155,-3.133,6.601,-9.288,-4.395,2.8
266/99/9,149.85,-2.931,6.013,-8.481,-4.114,2.8
266/99/13,146.241,-4.854,5.984,-8.437,-6.791,2.8
266/99/14,146.249,-0.725,5.219,-7.395,-1.043,2.8
266/132/6,141.49,-2.85,5.778,8.02,3.98,2.8
266/132/7,210.971,-4.318,9.055,12.585,6.029,2.8
266/132/8,148.7,-3.133,6.601,9.195,4.376,2.8
266/132/9,143.55,-2.931,6.013,8.356,4.093,2.8
266/132/13,139.941,-4.854,5.984,8.319,6.802,2.8
266/132/14,139.949,-0.725,5.219,7.218,0.988,2.8
271/97/6,265.079,4.204,-12.775,18.101,6.132,2.8
271/97/7,400.335,6.573,-19.685,27.859,9.547,2.8
271/97/8,280.583,4.88,-14.368,20.276,7.022,2.8
271/97/9,269.509,4.397,-13.23,18.722,6.386,2.8
271/97/13,261.307,3.175,-11.575,16.523,4.89,2.8
271/97/14,262.206,4.944,-13.293,18.747,6.992,2.8
271/130/6,253.879,4.204,-12.775,-17.67,-5.64,2.8
271/130/7,385.215,6.573,-19.685,-27.258,-8.858,2.8
271/130/8,269.383,4.88,-14.368,-19.955,-6.641,2.8
271/130/9,258.309,4.397,-13.23,-18.323,-5.926,2.8
271/130/13,250.107,3.175,-11.575,-15.887,-4.001,2.8
271/130/14,251.006,4.944,-13.293,-18.473,-6.85,2.8
273/96/6,200.279,-10.201,-2.285,3.34,-15.076,2.8
273/96/7,303.455,-16.016,-3.568,5.201,-23.563,2.8
273/96/8,213.718,-11.845,-2.613,3.789,-17.247,2.8
273/96/9,204.118,-10.671,-2.379,3.468,-15.696,2.8
273/96/13,197.466,-9.867,-1.262,1.991,-14.629,2.8
273/96/14,197.332,-9.832,-3.169,4.497,-14.593,2.8
273/129/6,189.079,-10.201,-2.285,-3.059,13.488,2.8
273/129/7,288.335,-16.016,-3.568,-4.79,21.283,2.8
273/129/8,202.518,-11.845,-2.613,-3.527,15.92,2.8
273/129/9,192.918,-10.671,-2.379,-3.193,14.183,2.8
273/129/13,186.266,-9.867,-1.262,-1.543,12.999,2.8
273/129/14,186.132,-9.832,-3.169,-4.375,12.935,2.8
276/95/6,307.799,5.496,15.142,-21.505,7.88,2.8
276/95/7,465.74,8.457,23.406,-33.2,12.121,2.8
276/95/8,327.566,6.106,17.088,-24.166,8.747,2.8
276/95/9,313.447,5.671,15.698,-22.265,8.128,2.8
276/95/13,304.202,6.188,15.581,-22.043,8.682,2.8
276/95/14,302.925,4.543,13.868,-19.827,6.708,2.8
276/128/6,296.599,5.496,15.142,20.892,-7.51,2.8
276/128/7,450.62,8.457,23.406,32.336,-11.559,2.8
276/128/8,316.366,6.106,17.088,23.681,-8.351,2.8
276/128/9,302.247,5.671,15.698,21.689,-7.75,2.8
276/128/13,293.002,6.188,15.581,21.584,-8.645,2.8
276/128/14,291.725,4.543,13.868,19.004,-6.014,2.8
280/93/6,177.105,-0.385,-12.074,17.089,-0.588,2.8
280/93/7,264.574,-0.58,-18.745,26.508,-0.885,2.8
280/93/8,187.418,-0.472,-13.621,19.231,-0.709,2.8
280/93/9,180.052,-0.41,-12.516,17.701,-0.623,2.8
280/93/13,174.642,1.791,-11.408,16.181,2.441,2.8
280/93/14,175.149,-2.524,-12.076,17.078,-3.566,2.8
280/126/6,170.805,-0.385,-12.074,-16.718,0.489,2.8
280/126/7,256.069,-0.58,-18.745,-25.978,0.739,2.8
280/126/8,181.118,-0.472,-13.621,-18.907,0.611,2.8
280/126/9,173.752,-0.41,-12.516,-17.343,0.524,2.8
280/126/13,168.342,1.791,-11.408,-15.762,-2.574,2.8
280/126/14,168.849,-2.524,-12.076,-16.735,3.5,2.8
282/92/6,81.176,2.287,2.747,-3.788,3.172,2.8
282/92/7,118.751,3.543,4.208,-5.801,4.911,2.8
282/92/8,84.959,2.592,3.006,-4.147,3.585,2.8
282/92/9,82.257,2.374,2.821,-3.89,3.29,2.8
282/92/13,80.08,0.656,3.973,-5.463,0.963,2.8
282/92/14,80.652,3.787,1.411,-1.958,5.206,2.8
282/125/6,74.876,2.287,2.747,3.904,-3.23,2.8
282/125/7,110.246,3.543,4.208,5.98,-5.008,2.8
282/125/8,78.659,2.592,3.006,4.271,-3.672,2.8
282/125/9,75.957,2.374,2.821,4.009,-3.356,2.8
282/125/13,73.78,0.656,3.973,5.66,-0.874,2.8
282/125/14,74.352,3.787,1.411,1.992,-5.397,2.8
284/91/6,149.616,7.642,1.138,-1.5,10.872,2.8
284/91/7,223.025,12.092,1.756,-2.317,17.164,2.8
284/91/8,157.011,8.883,1.242,-1.64,12.548,2.8
284/91/9,151.728,7.997,1.168,-1.54,11.351,2.8
284/91/13,147.122,6.907,2.698,-3.669,9.942,2.8
284/91/14,148.94,7.846,-0.467,0.729,11.085,2.8
284/124/6,143.316,7.642,1.138,1.686,-10.526,2.8
284/124/7,214.52,12.092,1.756,2.6,-16.692,2.8
284/124/8,150.711,8.883,1.242,1.838,-12.325,2.8
284/124/9,145.428,7.997,1.168,1.73,-11.04,2.8
284/124/13,140.822,6.907,2.698,3.886,-9.397,2.8
284/124/14,142.64,7.846,-0.467,-0.579,-10.884,2.8
286/90/6,220.785,5.629,3.876,-5.447,8.152,2.8
286/90/7,331.287,9.024,5.831,-8.196,13.015,2.8
286/90/8,234.75,6.678,4.18,-5.878,9.552,2.8
286/90/9,224.775,5.929,3.963,-5.57,8.552,2.8
286/90/13,217.931,5.39,5.407,-7.56,7.833,2.8
286/90/14,217.655,5.419,2.214,-3.149,7.87,2.8
286/123/6,214.485,5.629,3.876,5.405,-7.609,2.8
286/123/7,322.782,9.024,5.831,8.13,-12.253,2.8
286/123/8,228.45,6.678,4.18,5.826,-9.147,2.8
286/123/9,218.475,5.929,3.963,5.525,-8.048,2.8
286/123/13,211.631,5.39,5.407,7.578,-7.257,2.8
286/123/14,211.355,5.419,2.214,3.05,-7.302,2.8
288/89/6,110.601,7.157,-0.663,0.842,10.204,2.8
288/89/7,164.195,11.422,-1.05,1.341,16.242,2.8
288/89/8,114.096,8.418,-0.739,0.945,11.9,2.8
288/89/9,111.6,7.517,-0.684,0.872,10.689,2.8
288/89/13,110.043,7.298,0.951,-1.397,10.338,2.8
288/89/14,109.662,6.474,-2.244,3.038,9.344,2.8
288/122/6,104.301,7.157,-0.663,-1.013,-9.834,2.8
288/122/7,155.69,11.422,-1.05,-1.598,-15.74,2.8
288/122/8,107.796,8.418,-0.739,-1.124,-11.672,2.8
288/122/9,105.3,7.517,-0.684,-1.045,-10.359,2.8
288/122/13,103.743,7.298,0.951,1.266,-10.096,2.8
288/122/14,103.362,6.474,-2.244,-3.245,-8.785,2.8
290/88/6,129.905,3.548,-11.681,16.468,4.964,2.8
290/88/7,192.526,5.491,-17.794,25.081,7.677,2.8
290/88/8,137.511,3.981,-12.841,18.093,5.558,2.8
290/88/9,132.078,3.672,-12.012,16.932,5.133,2.8
290/88/13,129.329,5.158,-10.219,14.473,7.147,2.8
290/88/14,127.221,1.751,-12.645,17.765,2.525,2.8
290/121/6,123.605,3.548,-11.681,-16.238,-4.97,2.8
290/121/7,184.021,5.491,-17.794,-24.744,-7.698,2.8
290/121/8,131.211,3.981,-12.841,-17.862,-5.59,2.8
290/121/9,125.778,3.672,-12.012,-16.702,-5.147,2.8
290/121/13,123.029,5.158,-10.219,-14.14,-7.296,2.8
290/121/14,120.921,1.751,-12.645,-17.641,-2.378,2.8
291/87/6,300.203,-5.342,26.756,-37.706,-7.411,2.8
291/87/7,448.604,-8.17,40.485,-57.049,-11.331,2.8
291/87/8,322.93,-5.903,29.164,-41.1,-8.189,2.8
291/87/9,306.696,-5.502,27.444,-38.675,-7.633,2.8
291/87/13,296.731,-7.406,24.312,-34.322,-10.253,2.8
291/87/14,293.934,-3.037,28.169,-39.634,-4.235,2.8
291/120/6,293.903,-5.342,26.756,37.212,7.547,2.8
291/120/7,440.099,-8.17,40.485,56.308,11.544,2.8
291/120/8,316.63,-5.903,29.164,40.56,8.339,2.8
291/120/9,300.396,-5.502,27.444,38.169,7.773,2.8
291/120/13,290.431,-7.406,24.312,33.752,10.485,2.8
291/120/14,287.634,-3.037,28.169,39.238,4.27,2.8
294/86/6,18.785,-8.875,-0.563,0.791,-12.246,2.8
294/86/7,25.624,-13.991,-0.892,1.252,-19.308,2.8
294/86/8,15.514,-10.137,-0.615,0.864,-13.997,2.8
294/86/9,17.85,-9.236,-0.578,0.812,-12.747,2.8
294/86/13,19.18,-9.168,-3.211,4.473,-12.606,2.8
294/86/14,19.792,-8.042,2.108,-2.924,-11.135,2.8
294/119/6,12.485,-8.875,-0.563,-0.785,12.605,2.8
294/119/7,17.119,-13.991,-0.892,-1.245,19.866,2.8
294/119/8,9.214,-10.137,-0.615,-0.859,14.387,2.8
294/119/9,11.55,-9.236,-0.578,-0.806,13.114,2.8
294/119/13,12.88,-9.168,-3.211,-4.518,13.064,2.8
294/119/14,13.492,-8.042,2.108,2.98,11.381,2.8
299/84/6,315.491,-1.577,-29.411,41.363,-2.267,2.8
299/84/7,471.226,-2.491,-44.611,62.737,-3.573,2.8
299/84/8,339.203,-1.802,-32.168,45.239,-2.587,2.8
299/84/9,322.266,-1.641,-30.199,42.471,-2.358,2.8
299/84/13,312.023,-0.984,-31.068,43.637,-1.444,2.8
299/84/14,308.797,-2.073,-26.573,37.427,-2.952,2.8
299/117/6,309.191,-1.577,-29.411,-40.989,2.149,2.8
299/117/7,462.721,-2.491,-44.611,-62.175,3.403,2.8
299/117/8,332.903,-1.802,-32.168,-44.83,2.459,2.8
299/117/9,315.966,-1.641,-30.199,-42.086,2.238,2.8
299/117/13,305.723,-0.984,-31.068,-43.354,1.311,2.8
299/117/14,302.497,-2.073,-26.573,-36.978,2.854,2.8
301/83/6,276.548,0.831,8.174,-11.671,1.11,2.8
301/83/7,414.937,1.178,12.245,-17.484,1.574,2.8
301/83/8,297.224,0.868,8.859,-12.65,1.159,2.8
301/83/9,282.455,0.841,8.37,-11.95,1.124,2.8
301/83/13,270.19,1.341,6.365,-9.16,1.815,2.8
301/83/14,274.045,0.305,9.69,-13.762,0.385,2.8
301/116/6,270.248,0.831,8.174,11.217,-1.215,2.8
301/116/7,406.432,1.178,12.245,16.801,-1.723,2.8
301/116/8,290.924,0.868,8.859,12.156,-1.272,2.8
301/116/9,276.155,0.841,8.37,11.485,-1.232,2.8
301/116/13,263.89,1.341,6.365,8.662,-1.939,2.8
301/116/14,267.745,0.305,9.69,13.37,-0.468,2.8
305/81/6,26.969,-7.771,-5.653,7.972,-10.794,2.8
305/81/7,38.363,-12.205,-8.619,12.152,-16.953,2.8
305/81/8,25.411,-8.837,-6.207,8.752,-12.278,2.8
305/81/9,26.524,-8.075,-5.811,8.195,-11.218,2.8
305/81/13,28.385,-6.309,-7.355,10.34,-8.796,2.8
305/81/14,26.22,-8.776,-3.714,5.27,-12.155,2.8
305/114/6,20.669,-7.771,-5.653,-7.856,10.965,2.8
305/114/7,29.858,-12.205,-8.619,-11.981,17.219,2.8
305/114/8,19.111,-8.837,-6.207,-8.627,12.464,2.8
305/114/9,20.224,-8.075,-5.811,-8.076,11.393,2.8
305/114/13,22.085,-6.309,-7.355,-10.254,8.868,2.8
305/114/14,19.92,-8.776,-3.714,-5.128,12.419,2.8
308/80/6,267.285,-4.484,-18.276,25.915,-6.238,2.8
308/80/7,397.948,-6.847,-27.642,39.191,-9.523,2.8
308/80/8,286.607,-4.982,-19.913,28.236,-6.931,2.8
308/80/9,272.806,-4.626,-18.744,26.578,-6.436,2.8
308/80/13,260.537,-2.089,-19.213,27.192,-2.948,2.8
308/80/14,265.753,-6.665,-16.638,23.643,-9.23,2.8
308/113/6,260.985,-4.484,-18.276,-25.258,6.317,2.8
308/113/7,389.443,-6.847,-27.642,-38.206,9.648,2.8
308/113/8,280.307,-4.982,-19.913,-27.521,7.017,2.8
308/113/9,266.506,-4.626,-18.744,-25.904,6.517,2.8
308/113/13,254.237,-2.089,-19.213,-26.604,2.901,2.8
308/113/14,259.453,-6.665,-16.638,-22.942,9.433,2.8
310/79/6,325.341,-0.743,24.505,-34.613,-1.13,2.8
310/79/7,489.395,-1.12,37.505,-52.969,-1.702,2.8
310/79/8,351.246,-0.794,26.927,-38.033,-1.209,2.8
310/79/9,332.742,-0.758,25.197,-35.59,-1.152,2.8
310/79/13,319.958,-3.536,23.317,-32.963,-5.022,2.8
310/79/14,319.622,2.072,24.656,-34.796,2.797,2.8
310/112/6,319.041,-0.743,24.505,34.002,0.951,2.8
310/112/7,480.89,-1.12,37.505,52.045,1.434,2.8
310/112/8,344.946,-0.794,26.927,37.362,1.015,2.8
310/112/9,326.442,-0.758,25.197,34.962,0.97,2.8
310/112/13,313.658,-3.536,23.317,32.324,4.88,2.8
310/112/14,313.322,2.072,24.656,34.239,-3.005,2.8
313/78/6,21.414,8.842,12.253,-17.243,12.307,2.8
313/78/7,29.152,13.429,18.809,-26.466,18.692,2.8
313/78/8,16.873,9.615,13.575,-19.104,13.383,2.8
313/78/9,20.116,9.063,12.631,-17.775,12.614,2.8
313/78/13,21.167,8.04,10.986,-15.484,11.261,2.8
313/78/14,23.606,9.311,12.955,-18.205,12.892,2.8
313/111/6,15.114,8.842,12.253,17.066,-12.449,2.8
313/111/7,20.647,13.429,18.809,26.2,-18.909,2.8
313/111/8,10.573,9.615,13.575,18.905,-13.54,2.8
313/111/9,13.816,9.063,12.631,17.592,-12.761,2.8
313/111/13,14.867,8.04,10.986,15.276,-11.252,2.8
313/111/14,17.306,9.311,12.955,18.069,-13.179,2.8
318/75/6,490.757,-9.788,24.017,-33.002,-13.558,2.8
318/75/7,745.133,-15.086,37.135,-51.057,-20.906,2.8
318/75/8,531.429,-10.926,26.866,-36.994,-15.16,2.8
318/75/9,502.377,-10.113,24.831,-34.142,-14.016,2.8
318/75/13,484.455,-10.706,22.788,-31.357,-14.716,2.8
318/75/14,479.627,-8.382,24.025,-32.936,-11.714,2.8
318/108/6,479.557,-9.788,24.017,34.245,13.848,2.8
318/108/7,730.013,-15.086,37.135,52.919,21.335,2.8
318/108/8,520.229,-10.926,26.866,38.232,15.433,2.8
318/108/9,491.177,-10.113,24.831,35.384,14.301,2.8
318/108/13,473.255,-10.706,22.788,32.449,15.261,2.8
318/108/14,468.427,-8.382,24.025,34.333,11.756,2.8
322/73/6,495.875,-2.711,-20.078,27.413,-3.83,2.8
322/73/7,753.905,-4.168,-31.175,42.601,-5.886,2.8
322/73/8,537.191,-2.997,-22.574,30.902,-4.235,2.8
322/73/9,507.68,-2.793,-20.791,28.41,-3.946,2.8
322/73/13,486.595,-1.396,-20.256,27.596,-2.082,2.8
322/73/14,487.449,-3.903,-18.829,25.735,-5.404,2.8
322/106/6,484.675,-2.711,-20.078,-28.804,3.76,2.8
322/106/7,738.785,-4.168,-31.175,-44.688,5.786,2.8
322/106/8,525.991,-2.997,-22.574,-32.306,4.157,2.8
322/106/9,496.48,-2.793,-20.791,-29.805,3.874,2.8
322/106/13,475.395,-1.396,-20.256,-29.121,1.827,2.8
322/106/14,476.249,-3.903,-18.829,-26.987,5.524,2.8
325/72/6,212.991,-0.323,10.323,-14.455,-0.554,2.8
325/72/7,319.014,-0.467,15.96,-22.347,-0.81,2.8
325/72/8,228.547,-0.338,11.544,-16.168,-0.586,2.8
325/72/9,217.435,-0.327,10.672,-14.945,-0.563,2.8
325/72/13,210.114,-3.142,9.946,-13.928,-4.483,2.8
325/72/14,209.2,2.503,10.176,-14.249,3.388,2.8
325/105/6,206.691,-0.323,10.323,14.448,0.349,2.8
325/105/7,310.509,-0.467,15.96,22.34,0.497,2.8
325/105/8,222.247,-0.338,11.544,16.156,0.36,2.8
325/105/9,211.135,-0.327,10.672,14.936,0.352,2.8
325/105/13,203.814,-3.142,9.946,13.919,4.314,2.8
325/105/14,202.9,2.503,10.176,14.244,-3.62,2.8
331/68/6,26.373,5.598,-2.383,3.384,7.728,2.8
331/68/7,37.406,8.64,-3.721,5.278,11.93,2.8
331/68/8,23.874,6.316,-2.669,3.786,8.725,2.8
331/68/9,25.659,5.803,-2.465,3.499,8.013,2.8
331/68/13,26.264,6.657,-2.372,3.365,9.161,2.8
331/68/14,27.553,4.23,-2.272,3.23,5.867,2.8
331/101/6,20.073,5.598,-2.383,-3.289,-7.946,2.8
331/101/7,28.901,8.64,-3.721,-5.142,-12.262,2.8
331/101/8,17.574,6.316,-2.669,-3.686,-8.961,2.8
331/101/9,19.359,5.803,-2.465,-3.403,-8.236,2.8
331/101/13,19.964,6.657,-2.372,-3.276,-9.478,2.8
331/101/14,21.253,4.23,-2.272,-3.132,-5.978,2.8
334/67/6,294.818,3.06,-18.333,25.939,4.242,2.8
334/67/7,442.522,4.653,-28.088,39.735,6.453,2.8
334/67/8,317.227,3.369,-20.198,28.577,4.671,2.8
334/67/9,301.221,3.148,-18.866,26.692,4.365,2.8
334/67/13,289.229,5.992,-18.088,25.589,8.335,2.8
334/67/14,290.803,-0.005,-17.778,25.157,-0.034,2.8
334/100/6,288.518,3.06,-18.333,-25.393,-4.325,2.8
334/100/7,434.017,4.653,-28.088,-38.911,-6.575,2.8
334/100/8,310.927,3.369,-20.198,-27.978,-4.761,2.8
334/100/9,294.921,3.148,-18.866,-26.132,-4.449,2.8
334/100/13,282.929,5.992,-18.088,-25.056,-8.442,2.8
334/100/14,284.503,-0.005,-17.778,-24.622,-0.02,2.8
335/47/6,461.299,2.077,-9.125,18.158,4.244,3.05
335/47/7,688.78,3.18,-13.781,27.41,6.499,3.05
335/47/8,497.416,2.316,-9.934,19.761,4.731,3.05
335/47/9,471.618,2.145,-9.356,18.616,4.383,3.05
335/47/13,448.57,-1.766,-11.341,21.209,-1.306,3.05
335/47/14,458.55,5.817,-6.562,14.421,9.585,3.05
335/16/6,468.162,2.077,-9.125,-9.672,-2.091,3.05
335/16/7,698.045,3.18,-13.781,-14.621,-3.199,3.05
335/16/8,504.278,2.316,-9.934,-10.539,-2.332,3.05
335/16/9,478.481,2.145,-9.356,-9.92,-2.16,3.05
335/16/13,455.433,-1.766,-11.341,-13.381,4.08,3.05
335/16/14,465.413,5.817,-6.562,-5.592,-8.158,3.05
336/33/6,515.192,-1.252,-9.499,19.022,-2.524,3.05
336/33/7,776.35,-1.903,-14.526,29.085,-3.836,3.05
336/33/8,559.142,-1.38,-10.452,20.927,-2.784,3.05
336/33/9,527.749,-1.288,-9.771,19.566,-2.598,3.05
336/33/13,500.161,-5.5,-9.629,19.132,-8.899,3.05
336/33/14,511.388,3.052,-8.962,18.096,3.962,3.05
336/11/6,522.055,-1.252,-9.499,-9.951,1.294,3.05
336/11/7,785.614,-1.903,-14.526,-15.22,1.969,3.05
336/11/8,566.004,-1.38,-10.452,-10.951,1.425,3.05
336/11/9,534.612,-1.288,-9.771,-10.237,1.331,3.05
336/11/13,507.024,-5.5,-9.629,-10.235,7.877,3.05
336/11/14,518.25,3.052,-8.962,-9.239,-5.346,3.05
337/20/6,360.639,-1.515,-8.688,17.498,-3.06,3.05
337/20/7,539.015,-2.332,-13.178,26.54,-4.707,3.05
337/20/8,389.106,-1.695,-9.502,19.137,-3.424,3.05
337/20/9,368.773,-1.566,-8.92,17.966,-3.164,3.05
337/20/13,359.663,-5.308,-6.131,13.768,-8.509,3.05
337/20/14,349.416,2.355,-10.895,20.526,2.546,3.05
337/1/6,367.502,-1.515,-8.688,-8.999,1.561,3.05
337/1/7,548.28,-2.332,-13.178,-13.652,2.404,3.05
337/1/8,395.969,-1.695,-9.502,-9.844,1.745,3.05
337/1/9,375.635,-1.566,-8.92,-9.24,1.614,3.05
337/1/13,366.526,-5.308,-6.131,-4.933,7.682,3.05
337/1/14,356.278,2.355,-10.895,-12.702,-4.638,3.05
338/26/6,438.029,0.554,-6.372,12.703,1.148,3.05
338/26/7,660.771,0.849,-9.839,19.614,1.761,3.05
338/26/8,476.09,0.629,-7.122,14.201,1.301,3.05
338/26/9,448.904,0.576,-6.587,13.131,1.192,3.05
338/26/13,433.721,-3.759,-5.677,11.633,-5.359,3.05
338/26/14,426.026,4.835,-6.747,13.131,7.589,3.05
338/6/6,444.892,0.554,-6.372,-6.733,-0.542,3.05
338/6/7,670.035,0.849,-9.839,-10.394,-0.83,3.05
338/6/8,482.953,0.629,-7.122,-7.523,-0.617,3.05
338/6/9,455.766,0.576,-6.587,-6.959,-0.564,3.05
338/6/13,440.583,-3.759,-5.677,-5.681,6.107,3.05
338/6/14,432.888,4.835,-6.747,-7.446,-7.159,3.05
339/25/6,191.957,-1.506,0.356,-0.89,-3.371,3.05
339/25/7,282.755,-2.286,0.551,-1.375,-5.128,3.05
339/25/8,204.69,-1.662,0.4,-0.998,-3.725,3.05
339/25/9,195.595,-1.55,0.369,-0.921,-3.472,3.05
339/25/13,189.696,1.809,2.893,-4.581,1.415,3.05
339/25/14,188.762,-4.754,-2.2,2.847,-8.006,3.05
339/5/6,198.82,-1.506,0.356,0.196,1.221,3.05
339/5/7,292.019,-2.286,0.551,0.305,1.845,3.05
339/5/8,211.552,-1.662,0.4,0.223,1.343,3.05
339/5/9,202.458,-1.55,0.369,0.204,1.256,3.05
339/5/13,196.559,1.809,2.893,4.241,-4.103,3.05
339/5/14,195.624,-4.754,-2.2,-3.862,6.494,3.05
340/32/6,332.957,1.859,2.801,-5.951,3.47,3.05
340/32/7,500.303,2.834,4.359,-9.254,5.282,3.05
340/32/8,360.912,2.052,3.168,-6.723,3.827,3.05
340/32/9,340.944,1.914,2.906,-6.171,3.572,3.05
340/32/13,324.052,5.591,3.307,-6.634,9.103,3.05
340/32/14,329.881,-1.956,2.139,-4.937,-2.318,3.05
340/10/6,339.819,1.859,2.801,2.594,-2.199,3.05
340/10/7,509.568,2.834,4.359,4.04,-3.36,3.05
340/10/8,367.775,2.052,3.168,2.939,-2.433,3.05
340/10/9,347.807,1.914,2.906,2.692,-2.266,3.05
340/10/13,330.914,5.591,3.307,3.452,-7.948,3.05
340/10/14,336.743,-1.956,2.139,1.587,3.65,3.05
342/36/6,352.136,-2.175,4.149,-8.729,-4.805,3.05
342/36/7,529.495,-3.264,6.409,-13.483,-7.211,3.05
342/36/8,381.517,-2.348,4.642,-9.764,-5.192,3.05
342/36/9,360.531,-2.225,4.29,-9.025,-4.915,3.05
342/36/13,350.073,1.626,3.806,-8.169,0.971,3.05
342/36/14,341.608,-5.902,4.28,-8.846,-10.414,3.05
342/12/6,358.999,-2.288,4.149,3.927,2.002,3.05
342/12/7,538.759,-3.416,6.409,6.067,2.977,3.05
342/12/8,388.379,-2.461,4.642,4.397,2.143,3.05
342/12/9,367.393,-2.337,4.29,4.061,2.043,3.05
342/12/13,356.936,1.513,3.806,3.44,-3.817,3.05
342/12/14,348.47,-6.015,4.28,4.211,7.761,3.05
343/46/6,601.897,0.771,12.44,-25.653,1.258,3.05
343/46/7,908.418,1.172,19.008,-39.203,1.904,3.05
343/46/8,654.219,0.841,13.656,-28.166,1.364,3.05
343/46/9,616.846,0.791,12.787,-26.371,1.288,3.05
343/46/13,588.215,4.44,10.633,-22.977,6.765,3.05
343/46/14,593.155,-2.929,13.725,-27.253,-4.295,3.05
343/15/6,608.759,0.771,12.44,12.288,-1.093,3.05
343/15/7,917.683,1.172,19.008,18.77,-1.671,3.05
343/15/8,661.082,0.841,13.656,13.485,-1.201,3.05
343/15/9,623.709,0.791,12.787,12.63,-1.124,3.05
343/15/13,595.077,4.44,10.633,9.455,-6.778,3.05
343/15/14,600.018,-2.929,13.725,14.607,4.638,3.05
344/54/6,502.666,1.533,13.637,-28.172,2.808,3.05
344/54/7,752.954,2.378,20.62,-42.611,4.357,3.05
344/54/8,543.37,1.728,14.859,-30.704,3.166,3.05
344/54/9,514.295,1.589,13.986,-28.895,2.91,3.05
344/54/13,497.688,4.837,10.034,-22.904,7.571,3.05
344/54/14,490.198,-1.854,16.717,-32.354,-2.109,3.05
344/19/6,509.528,1.533,13.637,13.422,-1.868,3.05
344/19/7,762.219,2.378,20.62,20.28,-2.897,3.05
344/19/8,550.233,1.728,14.859,14.615,-2.102,3.05
344/19/9,521.158,1.589,13.986,13.763,-1.935,3.05
344/19/13,504.551,4.837,10.034,7.701,-7.181,3.05
344/19/14,497.061,-1.854,16.717,18.632,3.545,3.05
361/51/6,539.624,0.755,-13.715,27.445,1.409,3.05
361/51/7,807.973,1.189,-20.792,41.594,2.223,3.05
361/51/8,583.071,0.866,-14.999,30.006,1.618,3.05
361/51/9,552.037,0.787,-14.082,28.177,1.469,3.05
361/51/13,534.484,0.009,-16.936,31.936,0.272,3.05
361/51/14,526.143,1.454,-9.944,21.857,2.456,3.05
361/18/6,546.486,0.755,-13.715,-14.387,-0.894,3.05
361/18/7,817.237,1.189,-20.792,-21.822,-1.404,3.05
361/18/8,589.934,0.866,-14.999,-15.74,-1.023,3.05
361/18/9,558.9,0.787,-14.082,-14.773,-0.931,3.05
361/18/13,541.347,0.009,-16.936,-19.719,0.245,3.05
361/18/14,533.005,1.454,-9.944,-8.474,-1.979,3.05
362/14/6,834.408,-4.55,13.762,-12.943,-5.296,3.05
362/14/7,1271.003,-7.078,21.276,-20.014,-8.233,3.05
362/14/8,913.239,-5.147,15.431,-14.526,-5.984,3.05
362/14/9,856.931,-4.721,14.239,-13.395,-5.493,3.05
362/14/13,823.013,-7.239,10.86,-7.963,-10.279,3.05
362/14/14,812.019,-1.605,15.949,-17.245,-0.019,3.05
362/42/6,822.208,-4.55,13.762,29.031,8.581,3.05
362/42/7,1254.533,-7.078,21.276,44.877,13.356,3.05
362/42/8,901.039,-5.147,15.431,32.538,9.715,3.05
362/42/9,844.731,-4.721,14.239,30.033,8.905,3.05
362/42/13,810.813,-7.239,10.86,25.159,11.801,3.05
362/42/14,799.819,-1.605,15.949,31.4,4.876,3.05
