Bar/Node/Case,FX (kN),FY (kN),FZ (kN),MX (kNm),MZ (kNm),Length (m)
 1/ 77/ 6 (C),0,0,-34.95,-19.85,0,1
 1/ 77/ 7 (C),0,0,-21.92,-12.96,0,1
 1/ 78/ 6 (C),0,0,-55.54,-19.85,0,1
 1/ 78/ 7 (C),0,0,-35.32,-12.96,0,1
 2/ 98/ 6 (C),0,0,9.77,3.77,0,2.775
 2/ 98/ 7 (C),0,0,6.17,2.37,0,2.775
 2/ 99/ 6 (C),0,0,-71.97,3.77,0,2.775
 2/ 99/ 7 (C),0,0,-45.92,2.37,0,2.775
 3/ 92/ 6 (C),0,0,30.94,3.53,0,3.725
 3/ 92/ 7 (C),0,0,20.13,2.24,0,3.725
 3/ 99/ 6 (C),0,0,-42.85,3.53,0,3.725
 3/ 99/ 7 (C),0,0,-28,2.24,0,3.725
 4/ 66/ 6 (C),409.73,-9.73,18.49,-0.51,-13.19,2.8
 4/ 66/ 7 (C),273.2,-6.29,11.77,-0.33,-8.52,2.8
 4/ 99/ 6 (C),394.61,-9.73,18.49,-0.51,14.07,2.8
 4/ 99/ 7 (C),262,-6.29,11.77,-0.33,9.1,2.8
 5/ 97/ 6 (C),0,0,100.53,-16.23,0,1.35
 5/ 97/ 7 (C),0,0,64.06,-10.34,0,1.35
 5/ 98/ 6 (C),0,0,65,-16.23,0,1.35
 5/ 98/ 7 (C),0,0,41.28,-10.34,0,1.35
 6/ 91/ 6 (C),0,0,70.59,-4.49,0,3.725
 6/ 91/ 7 (C),0,0,44.6,-2.86,0,3.725
 6/ 98/ 6 (C),0,0,-55.23,-4.49,0,3.725
 6/ 98/ 7 (C),0,0,-35.11,-2.86,0,3.725
 7/ 96/ 6 (C),0,0,55.36,7.8,0,2.5
 7/ 96/ 7 (C),0,0,35.14,5,0,2.5
 7/ 97/ 6 (C),0,0,-44.67,7.8,0,2.5
 7/ 97/ 7 (C),0,0,-27.81,5,0,2.5
 8/ 64/ 6 (C),658.93,6.38,-16.79,-0.51,8.76,2.8
 8/ 64/ 7 (C),431.55,4.1,-10.85,-0.33,5.63,2.8
 8/ 97/ 6 (C),643.81,6.38,-16.79,-0.51,-9.11,2.8
 8/ 97/ 7 (C),420.35,4.1,-10.85,-0.33,-5.86,2.8
 9/ 95/ 6 (C),0,0,50.49,-5.87,0,2.35
 9/ 95/ 7 (C),0,0,31.64,-3.74,0,2.35
 9/ 96/ 6 (C),0,0,-40.66,-5.87,0,2.35
 9/ 96/ 7 (C),0,0,-25.78,-3.74,0,2.35
 10/ 90/ 6 (C),0,0,57.82,-2.59,0,3.725
 10/ 90/ 7 (C),0,0,36.36,-1.7,0,3.725
 10/ 96/ 6 (C),0,0,-71.39,-2.59,0,3.725
 10/ 96/ 7 (C),0,0,-45.4,-1.7,0,3.725
 11/ 63/ 6 (C),538.53,-13.75,-2.52,-0.51,-19.1,2.8
 11/ 63/ 7 (C),351.55,-8.76,-1.6,-0.33,-12.16,2.8
 11/ 96/ 6 (C),523.41,-13.75,-2.52,-0.51,19.4,2.8
 11/ 96/ 7 (C),340.35,-8.76,-1.6,-0.33,12.37,2.8
 12/ 94/ 6 (C),0,0,-92.31,28.75,0,1.35
 12/ 94/ 7 (C),0,0,-58.72,18.59,0,1.35
 12/ 95/ 6 (C),0,0,-126.7,28.75,0,1.35
 12/ 95/ 7 (C),0,0,-80.8,18.59,0,1.35
 13/ 62/ 6 (C),778.15,4.59,22.61,-0.51,6.46,2.8
 13/ 62/ 7 (C),508.9,2.94,14.56,-0.33,4.14,2.8
 13/ 95/ 6 (C),763.03,4.59,22.61,-0.51,-6.39,2.8
 13/ 95/ 7 (C),497.7,2.94,14.56,-0.33,-4.1,2.8
 14/ 93/ 6 (C),0,0,90.93,-7.5,0,3.675
 14/ 93/ 7 (C),0,0,57.98,-4.86,0,3.675
 14/ 94/ 6 (C),0,0,-24.89,-7.5,0,3.675
 14/ 94/ 7 (C),0,0,-15.62,-4.86,0,3.675
 15/ 89/ 6 (C),0,0,61.78,8.19,0,3.725
 15/ 89/ 7 (C),0,0,38.65,5.2,0,3.725
 15/ 94/ 6 (C),0,0,-67.42,8.19,0,3.725
 15/ 94/ 7 (C),0,0,-43.1,5.2,0,3.725
 16/ 88/ 6 (C),0,0,38.29,0.22,0,3.725
 16/ 88/ 7 (C),0,0,24.85,0.23,0,3.725
 16/ 93/ 6 (C),0,0,-38.87,0.22,0,3.725
 16/ 93/ 7 (C),0,0,-25.34,0.23,0,3.725
 17/ 60/ 6 (C),476.73,-4.38,-31.55,-0.51,-6.25,2.8
 17/ 60/ 7 (C),316.1,-2.81,-20.16,-0.33,-4,2.8
 17/ 93/ 6 (C),461.61,-4.38,-31.55,-0.51,6.03,2.8
 17/ 93/ 7 (C),304.9,-2.81,-20.16,-0.33,3.86,2.8
 18/ 91/ 6 (C),0,0,20.74,-2.65,0,2.775
 18/ 91/ 7 (C),0,0,13.72,-1.63,0,2.775
 18/ 92/ 6 (C),0,0,-26.87,-2.65,0,2.775
 18/ 92/ 7 (C),0,0,-17.67,-1.63,0,2.775
 19/ 59/ 6 (C),216.32,4.06,6.69,-0.51,5.32,2.8
 19/ 59/ 7 (C),146.88,2.55,4.33,-0.33,3.33,2.8
 19/ 92/ 6 (C),201.2,4.06,6.69,-0.51,-6.04,2.8
 19/ 92/ 7 (C),135.68,2.55,4.33,-0.33,-3.81,2.8
 20/ 90/ 6 (C),0,0,47.4,2.02,0,3.85
 20/ 90/ 7 (C),0,0,30.79,1.31,0,3.85
 20/ 91/ 6 (C),0,0,-34.11,2.02,0,3.85
 20/ 91/ 7 (C),0,0,-22.14,1.31,0,3.85
 21/ 58/ 6 (C),409.03,15.55,2.37,-0.51,21.5,2.8
 21/ 58/ 7 (C),271.4,9.73,1.48,-0.33,13.45,2.8
 21/ 91/ 6 (C),393.91,15.55,2.37,-0.51,-22.05,2.8
 21/ 91/ 7 (C),260.2,9.73,1.48,-0.33,-13.81,2.8
 22/ 89/ 6 (C),0,0,4.03,0.94,0,3.7
 22/ 89/ 7 (C),0,0,2.46,0.64,0,3.7
 22/ 90/ 6 (C),0,0,-72.28,0.94,0,3.7
 22/ 90/ 7 (C),0,0,-47.19,0.64,0,3.7
 23/ 57/ 6 (C),562.13,10.17,15.91,-0.51,14.08,2.8
 23/ 57/ 7 (C),370.98,6.25,10.46,-0.33,8.65,2.8
 23/ 90/ 6 (C),547.01,10.17,15.91,-0.51,-14.39,2.8
 23/ 90/ 7 (C),359.78,6.25,10.46,-0.33,-8.85,2.8
 24/ 88/ 6 (C),0,0,73.44,0.97,0,3.675
 24/ 88/ 7 (C),0,0,47.9,0.54,0,3.675
 24/ 89/ 6 (C),0,0,-2.01,0.97,0,3.675
 24/ 89/ 7 (C),0,0,-1.2,0.54,0,3.675
 25/ 56/ 6 (C),254.16,8.65,-3.84,-0.51,11.57,2.8
 25/ 56/ 7 (C),169.29,5.14,-2.51,-0.33,6.85,2.8
 25/ 89/ 6 (C),239.04,8.65,-3.84,-0.51,-12.65,2.8
 25/ 89/ 7 (C),158.09,5.14,-2.51,-0.33,-7.55,2.8
 26/ 55/ 6 (C),365.43,8.49,-27.55,-0.51,11.65,2.8
 26/ 55/ 7 (C),244.13,5.42,-17.91,-0.33,7.44,2.8
 26/ 88/ 6 (C),350.31,8.49,-27.55,-0.51,-12.13,2.8
 26/ 88/ 7 (C),232.93,5.42,-17.91,-0.33,-7.75,2.8
 27/ 86/ 6 (C),0,0,-43.72,0.13,0,3.775
 27/ 86/ 7 (C),0,0,-29.08,-0.02,0,3.775
 27/ 87/ 6 (C),0,0,-122.41,0.13,0,3.775
 27/ 87/ 7 (C),0,0,-80.23,-0.02,0,3.775
 28/ 79/ 6 (C),0,0,25.22,1.4,0,3.525
 28/ 79/ 7 (C),0,0,16.41,0.98,0,3.525
 28/ 87/ 6 (C),0,0,-45.17,1.4,0,3.525
 28/ 87/ 7 (C),0,0,-29.48,0.98,0,3.525
 29/ 54/ 6 (C),693.84,-14.51,63.13,-0.51,-20.98,2.8
 29/ 54/ 7 (C),461.18,-9.39,41.39,-0.33,-13.58,2.8
 29/ 87/ 6 (C),678.72,-14.51,63.13,-0.51,19.64,2.8
 29/ 87/ 7 (C),449.98,-9.39,41.39,-0.33,12.72,2.8
 30/ 85/ 6 (C),0,0,67.39,16.36,0,2.15
 30/ 85/ 7 (C),0,0,44.81,10.4,0,2.15
 30/ 86/ 6 (C),0,0,35.55,16.36,0,2.15
 30/ 86/ 7 (C),0,0,23.54,10.4,0,2.15
 31/ 77/ 6 (C),0,0,53.23,1.77,0,3.525
 31/ 77/ 7 (C),0,0,34.26,1.31,0,3.525
 31/ 86/ 6 (C),0,0,-56.67,1.77,0,3.525
 31/ 86/ 7 (C),0,0,-35.6,1.31,0,3.525
 32/ 53/ 6 (C),16.99,-15.3,-1.34,-0.51,-23.8,2.8
 32/ 53/ 7 (C),13.25,-9.28,-0.86,-0.33,-14.46,2.8
 32/ 86/ 6 (C),1.87,-15.3,-1.34,-0.51,19.03,2.8
 32/ 86/ 7 (C),2.05,-9.28,-0.86,-0.33,11.51,2.8
 33/ 84/ 6 (C),0,0,168.5,-19.4,0,1.825
 33/ 84/ 7 (C),0,0,110.26,-12.16,0,1.825
 33/ 85/ 6 (C),0,0,143.69,-19.4,0,1.825
 33/ 85/ 7 (C),0,0,93.56,-12.16,0,1.825
 34/ 76/ 6 (C),0,0,31.37,-25.54,0,3.525
 34/ 76/ 7 (C),0,0,19.75,-16.63,0,3.525
 34/ 85/ 6 (C),0,0,-76.29,-25.54,0,3.525
 34/ 85/ 7 (C),0,0,-48.76,-16.63,0,3.525
 35/ 83/ 6 (C),0,0,21.57,-34.8,0,2
 35/ 83/ 7 (C),0,0,13.99,-22.82,0,2
 35/ 84/ 6 (C),0,0,-13.06,-34.8,0,2
 35/ 84/ 7 (C),0,0,-8.83,-22.82,0,2
 36/ 51/ 6 (C),736.23,-7.84,-71.81,-0.51,-11.73,2.8
 36/ 51/ 7 (C),490.01,-5,-47,-0.33,-7.49,2.8
 36/ 84/ 6 (C),721.11,-7.84,-71.81,-0.51,10.23,2.8
 36/ 84/ 7 (C),478.81,-5,-47,-0.33,6.51,2.8
 37/ 82/ 6 (C),0,0,-77.38,1.69,0,1.225
 37/ 82/ 7 (C),0,0,-50.58,0.85,0,1.225
 37/ 83/ 6 (C),0,0,-96.9,1.69,0,1.225
 37/ 83/ 7 (C),0,0,-63.53,0.85,0,1.225
 38/ 50/ 6 (C),608.25,0.6,22.14,-0.51,0.75,2.8
 38/ 50/ 7 (C),403.01,0.45,14.62,-0.33,0.56,2.8
 38/ 83/ 6 (C),593.13,0.6,22.14,-0.51,-0.93,2.8
 38/ 83/ 7 (C),391.81,0.45,14.62,-0.33,-0.7,2.8
 39/ 81/ 6 (C),0,0,-22.89,6.25,0,2.35
 39/ 81/ 7 (C),0,0,-15.09,4.07,0,2.35
 39/ 82/ 6 (C),0,0,-59.46,6.25,0,2.35
 39/ 82/ 7 (C),0,0,-39.4,4.07,0,2.35
 40/ 73/ 6 (C),0,0,64.88,25.16,0,2.7
 40/ 73/ 7 (C),0,0,41.5,16.41,0,2.7
 40/ 82/ 6 (C),0,0,-17.92,25.16,0,2.7
 40/ 82/ 7 (C),0,0,-11.18,16.41,0,2.7
 41/ 80/ 6 (C),0,0,121.47,-0.76,0,2.675
 41/ 80/ 7 (C),0,0,79.96,-0.39,0,2.675
 41/ 81/ 6 (C),0,0,76.58,-0.76,0,2.675
 41/ 81/ 7 (C),0,0,50.31,-0.39,0,2.675
 42/ 68/ 6 (C),0,0,69.67,-0.66,0,4.325
 42/ 68/ 7 (C),0,0,44.28,-0.45,0,4.325
 42/ 81/ 6 (C),0,0,-74.98,-0.66,0,4.325
 42/ 81/ 7 (C),0,0,-47.39,-0.45,0,4.325
 43/ 48/ 6 (C),30.86,-22.06,-20.16,-0.51,-33.8,2.8
 43/ 48/ 7 (C),22.16,-13.76,-13.2,-0.33,-21.09,2.8
 43/ 81/ 6 (C),15.74,-22.06,-20.16,-0.51,27.97,2.8
 43/ 81/ 7 (C),10.96,-13.76,-13.2,-0.33,17.45,2.8
 44/ 67/ 6 (C),0,0,44.04,0.64,0,4.325
 44/ 67/ 7 (C),0,0,28.64,0.35,0,4.325
 44/ 80/ 6 (C),0,0,-45.09,0.64,0,4.325
 44/ 80/ 7 (C),0,0,-29.35,0.35,0,4.325
 45/ 47/ 6 (C),666.69,-12.82,-51.73,-0.51,-18.83,2.8
 45/ 47/ 7 (C),444.29,-8.24,-33.98,-0.33,-12.1,2.8
 45/ 80/ 6 (C),651.57,-12.82,-51.73,-0.51,17.07,2.8
 45/ 80/ 7 (C),433.09,-8.24,-33.98,-0.33,10.97,2.8
 46/ 78/ 6 (C),0,0,-57.08,-9.71,0,2.775
 46/ 78/ 7 (C),0,0,-38.49,-6.4,0,2.775
 46/ 79/ 6 (C),0,0,-150,-9.71,0,2.775
 46/ 79/ 7 (C),0,0,-97.38,-6.4,0,2.775
 47/ 72/ 6 (C),0,0,2.85,10.6,0,2.45
 47/ 72/ 7 (C),0,0,1.99,6.97,0,2.45
 47/ 79/ 6 (C),0,0,-36.2,10.6,0,2.45
 47/ 79/ 7 (C),0,0,-23.91,6.97,0,2.45
 48/ 46/ 6 (C),820.11,-8.62,59.38,-0.51,-14.04,2.8
 48/ 46/ 7 (C),541.98,-5.74,38.64,-0.33,-9.34,2.8
 48/ 79/ 6 (C),804.99,-8.62,59.38,-0.51,10.11,2.8
 48/ 79/ 7 (C),530.78,-5.74,38.64,-0.33,6.73,2.8
 49/ 71/ 6 (C),0,0,90.64,18.34,0,2.45
 49/ 71/ 7 (C),0,0,59.14,11.92,0,2.45
 49/ 78/ 6 (C),0,0,33.62,18.34,0,2.45
 49/ 78/ 7 (C),0,0,22.33,11.92,0,2.45
 50/ 45/ 6 (C),31.86,40,37.59,-0.51,60.58,2.8
 50/ 45/ 7 (C),23.54,26.23,24.4,-0.33,39.72,2.8
 50/ 78/ 6 (C),16.74,40,37.59,-0.51,-51.41,2.8
 50/ 78/ 7 (C),12.34,26.23,24.4,-0.33,-33.73,2.8
 51/ 76/ 6 (C),0,0,66.48,-7.75,0,2.15
 51/ 76/ 7 (C),0,0,43.53,-4.96,0,2.15
 51/ 77/ 6 (C),0,0,18.28,-7.75,0,2.15
 51/ 77/ 7 (C),0,0,12.34,-4.96,0,2.15
 52/ 74/ 6 (C),0,0,121.32,-50.31,0,1.175
 52/ 74/ 7 (C),0,0,78.58,-32.86,0,1.175
 52/ 76/ 6 (C),0,0,97.85,-50.31,0,1.175
 52/ 76/ 7 (C),0,0,63.28,-32.86,0,1.175
 53/ 74/ 6 (C),0,0,-116.69,-41.85,0,1.8
 53/ 74/ 7 (C),0,0,-75.03,-27.15,0,1.8
 53/ 75/ 6 (C),0,0,-166.21,-41.85,0,1.8
 53/ 75/ 7 (C),0,0,-106.7,-27.15,0,1.8
 54/ 70/ 6 (C),0,0,-109.96,45,0,1.275
 54/ 70/ 7 (C),0,0,-71.2,29.01,0,1.275
 54/ 75/ 6 (C),0,0,-140.25,45,0,1.275
 54/ 75/ 7 (C),0,0,-90.73,29.01,0,1.275
 55/ 42/ 6 (C),1236.82,-14.34,31.06,-0.51,-21.08,2.8
 55/ 42/ 7 (C),808.4,-9.25,19.76,-0.33,-13.6,2.8
 55/ 75/ 6 (C),1221.7,-14.34,31.06,-0.51,19.07,2.8
 55/ 75/ 7 (C),797.2,-9.25,19.76,-0.33,12.29,2.8
 56/ 73/ 6 (C),0,0,114.45,23.22,0,3.05
 56/ 73/ 7 (C),0,0,72.93,15.07,0,3.05
 56/ 74/ 6 (C),0,0,4.63,23.22,0,3.05
 56/ 74/ 7 (C),0,0,3.55,15.07,0,3.05
 57/ 69/ 6 (C),0,0,-59.15,-38.94,0,1.625
 57/ 69/ 7 (C),0,0,-38.55,-25.19,0,1.625
 57/ 73/ 6 (C),0,0,-108.21,-38.94,0,1.625
 57/ 73/ 7 (C),0,0,-69.78,-25.19,0,1.625
 58/ 40/ 6 (C),1143.5,-1.79,-20.8,-0.51,-2.25,2.8
 58/ 40/ 7 (C),745.97,-1.13,-13.02,-0.33,-1.41,2.8
 58/ 73/ 6 (C),1128.38,-1.79,-20.8,-0.51,2.77,2.8
 58/ 73/ 7 (C),734.77,-1.13,-13.02,-0.33,1.74,2.8
 59/ 71/ 6 (C),0,0,-4.43,-21.5,0,2.775
 59/ 71/ 7 (C),0,0,-3.26,-14.08,0,2.775
 59/ 72/ 6 (C),0,0,-85.77,-21.5,0,2.775
 59/ 72/ 7 (C),0,0,-55.11,-14.08,0,2.775
 60/ 66/ 6 (C),0,0,15.07,4,0,2
 60/ 66/ 7 (C),0,0,10.14,2.62,0,2
 60/ 72/ 6 (C),0,0,-13.43,4,0,2
 60/ 72/ 7 (C),0,0,-8.96,2.62,0,2
 61/ 39/ 6 (C),480.4,10.87,27.91,-0.51,22.38,2.8
 61/ 39/ 7 (C),319.36,7.21,17.92,-0.33,14.83,2.8
 61/ 72/ 6 (C),465.28,10.87,27.91,-0.51,-8.06,2.8
 61/ 72/ 7 (C),308.16,7.21,17.92,-0.33,-5.35,2.8
 62/ 70/ 6 (C),0,0,114.9,47.69,0,1.35
 62/ 70/ 7 (C),0,0,74.51,31.14,0,1.35
 62/ 71/ 6 (C),0,0,86.21,47.69,0,1.35
 62/ 71/ 7 (C),0,0,55.88,31.14,0,1.35
 63/ 64/ 6 (C),0,0,61.47,-8.71,0,2
 63/ 64/ 7 (C),0,0,39.41,-5.7,0,2
 63/ 70/ 6 (C),0,0,4.94,-8.71,0,2
 63/ 70/ 7 (C),0,0,3.31,-5.7,0,2
 64/ 68/ 6 (C),0,0,-36.67,-5.55,0,2.35
 64/ 68/ 7 (C),0,0,-24.47,-3.56,0,2.35
 64/ 69/ 6 (C),0,0,-97.22,-5.55,0,2.35
 64/ 69/ 7 (C),0,0,-63.33,-3.56,0,2.35
 65/ 62/ 6 (C),0,0,79.83,19.04,0,1.65
 65/ 62/ 7 (C),0,0,51.61,12.57,0,1.65
 65/ 69/ 6 (C),0,0,38.07,19.04,0,1.65
 65/ 69/ 7 (C),0,0,24.78,12.57,0,1.65
 66/ 67/ 6 (C),0,0,134.7,1.94,0,2.675
 66/ 67/ 7 (C),0,0,87.43,1.22,0,2.675
 66/ 68/ 6 (C),0,0,61.81,1.94,0,2.675
 66/ 68/ 7 (C),0,0,40.79,1.22,0,2.675
 67/ 34/ 6 (C),44.82,17.38,-10,-0.51,26.88,2.8
 67/ 34/ 7 (C),31.51,11.02,-6.46,-0.33,17.04,2.8
 67/ 68/ 6 (C),29.7,17.38,-10,-0.51,-21.77,2.8
 67/ 68/ 7 (C),20.31,11.02,-6.46,-0.33,-13.81,2.8
 68/ 60/ 6 (C),0,0,17.2,-6.52,0,1.65
 68/ 60/ 7 (C),0,0,11.57,-4.39,0,1.65
 68/ 67/ 6 (C),0,0,-4.14,-6.52,0,1.65
 68/ 67/ 7 (C),0,0,-2.88,-4.39,0,1.65
 69/ 33/ 6 (C),723.34,8.89,-51.52,-0.51,12.78,2.8
 69/ 33/ 7 (C),478.44,5.72,-33.44,-0.33,8.21,2.8
 69/ 67/ 6 (C),708.22,8.89,-51.52,-0.51,-12.12,2.8
 69/ 67/ 7 (C),467.24,5.72,-33.44,-0.33,-7.8,2.8
 70/ 65/ 6 (C),0,0,10.67,4.64,0,2.775
 70/ 65/ 7 (C),0,0,6.74,2.94,0,2.775
 70/ 66/ 6 (C),0,0,-71.06,4.64,0,2.775
 70/ 66/ 7 (C),0,0,-45.35,2.94,0,2.775
 71/ 59/ 6 (C),0,0,29.13,3.37,0,3.725
 71/ 59/ 7 (C),0,0,18.94,2.14,0,3.725
 71/ 66/ 6 (C),0,0,-44.67,3.37,0,3.725
 71/ 66/ 7 (C),0,0,-29.2,2.14,0,3.725
 72/ 32/ 6 (C),555.65,-16.37,17.96,-0.51,-26.53,2.8
 72/ 32/ 7 (C),369.09,-10.67,11.41,-0.33,-17.33,2.8
 72/ 66/ 6 (C),540.53,-16.37,17.96,-0.51,19.3,2.8
 72/ 66/ 7 (C),357.89,-10.67,11.41,-0.33,12.56,2.8
 73/ 64/ 6 (C),0,0,101.93,-16.36,0,1.35
 73/ 64/ 7 (C),0,0,64.95,-10.41,0,1.35
 73/ 65/ 6 (C),0,0,66.4,-16.36,0,1.35
 73/ 65/ 7 (C),0,0,42.17,-10.41,0,1.35
 74/ 58/ 6 (C),0,0,70.1,-4.34,0,3.725
 74/ 58/ 7 (C),0,0,44.28,-2.76,0,3.725
 74/ 65/ 6 (C),0,0,-55.73,-4.34,0,3.725
 74/ 65/ 7 (C),0,0,-35.43,-2.76,0,3.725
 75/ 63/ 6 (C),0,0,52.16,7.32,0,2.5
 75/ 63/ 7 (C),0,0,33.03,4.68,0,2.5
 75/ 64/ 6 (C),0,0,-47.87,7.32,0,2.5
 75/ 64/ 7 (C),0,0,-29.91,4.68,0,2.5
 76/ 30/ 6 (C),885.32,4.78,-17.56,-0.51,6.07,2.8
 76/ 30/ 7 (C),577.02,3.04,-11.32,-0.33,3.84,2.8
 76/ 64/ 6 (C),870.2,4.78,-17.56,-0.51,-7.32,2.8
 76/ 64/ 7 (C),565.82,3.04,-11.32,-0.33,-4.67,2.8
 77/ 62/ 6 (C),0,0,57.12,-5.69,0,2.35
 77/ 62/ 7 (C),0,0,35.98,-3.62,0,2.35
 77/ 63/ 6 (C),0,0,-34.02,-5.69,0,2.35
 77/ 63/ 7 (C),0,0,-21.44,-3.62,0,2.35
 78/ 57/ 6 (C),0,0,58.02,-4.17,0,3.725
 78/ 57/ 7 (C),0,0,36.52,-2.73,0,3.725
 78/ 63/ 6 (C),0,0,-71.19,-4.17,0,3.725
 78/ 63/ 7 (C),0,0,-45.24,-2.73,0,3.725
 79/ 29/ 6 (C),711.01,-15.15,-4.98,-0.51,-22.05,2.8
 79/ 29/ 7 (C),462.46,-9.64,-3.2,-0.33,-14.03,2.8
 79/ 63/ 6 (C),695.89,-15.15,-4.98,-0.51,20.36,2.8
 79/ 63/ 7 (C),451.26,-9.64,-3.2,-0.33,12.95,2.8
 80/ 61/ 6 (C),0,0,-94.41,30.75,0,1.35
 80/ 61/ 7 (C),0,0,-60.08,19.89,0,1.35
 80/ 62/ 6 (C),0,0,-128.8,30.75,0,1.35
 80/ 62/ 7 (C),0,0,-82.16,19.89,0,1.35
 81/ 28/ 6 (C),1059.01,4.64,23.98,-0.51,6.45,2.8
 81/ 28/ 7 (C),689.85,2.97,15.42,-0.33,4.13,2.8
 81/ 62/ 6 (C),1043.89,4.64,23.98,-0.51,-6.53,2.8
 81/ 62/ 7 (C),678.65,2.97,15.42,-0.33,-4.19,2.8
 82/ 60/ 6 (C),0,0,90.36,-8.1,0,3.675
 82/ 60/ 7 (C),0,0,57.61,-5.25,0,3.675
 82/ 61/ 6 (C),0,0,-25.47,-8.1,0,3.675
 82/ 61/ 7 (C),0,0,-15.98,-5.25,0,3.675
 83/ 56/ 6 (C),0,0,60.25,10.64,0,3.725
 83/ 56/ 7 (C),0,0,37.66,6.8,0,3.725
 83/ 61/ 6 (C),0,0,-68.94,10.64,0,3.725
 83/ 61/ 7 (C),0,0,-44.09,6.8,0,3.725
 84/ 55/ 6 (C),0,0,38.18,-0.46,0,3.725
 84/ 55/ 7 (C),0,0,24.78,-0.22,0,3.725
 84/ 60/ 6 (C),0,0,-38.99,-0.46,0,3.725
 84/ 60/ 7 (C),0,0,-25.41,-0.22,0,3.725
 85/ 26/ 6 (C),638.41,-5.92,-36.31,-0.51,-8.89,2.8
 85/ 26/ 7 (C),421.89,-3.8,-23.22,-0.33,-5.71,2.8
 85/ 60/ 6 (C),623.29,-5.92,-36.31,-0.51,7.69,2.8
 85/ 60/ 7 (C),410.69,-3.8,-23.22,-0.33,4.93,2.8
 86/ 58/ 6 (C),0,0,21.55,-2.76,0,2.775
 86/ 58/ 7 (C),0,0,14.24,-1.71,0,2.775
 86/ 59/ 6 (C),0,0,-26.05,-2.76,0,2.775
 86/ 59/ 7 (C),0,0,-17.16,-1.71,0,2.775
 87/ 25/ 6 (C),286.62,3.83,4.96,-0.51,5.53,2.8
 87/ 25/ 7 (C),194.18,2.38,3.21,-0.33,3.44,2.8
 87/ 59/ 6 (C),271.5,3.83,4.96,-0.51,-5.18,2.8
 87/ 59/ 7 (C),182.98,2.38,3.21,-0.33,-3.22,2.8
 88/ 57/ 6 (C),0,0,50.81,1.9,0,3.85
 88/ 57/ 7 (C),0,0,33.02,1.24,0,3.85
 88/ 58/ 6 (C),0,0,-30.71,1.9,0,3.85
 88/ 58/ 7 (C),0,0,-19.92,1.24,0,3.85
 89/ 24/ 6 (C),546.51,15.59,3.13,-0.51,22.05,2.8
 89/ 24/ 7 (C),361.03,9.7,2,-0.33,13.71,2.8
 89/ 58/ 6 (C),531.39,15.59,3.13,-0.51,-21.59,2.8
 89/ 58/ 7 (C),349.83,9.7,2,-0.33,-13.46,2.8
 90/ 56/ 6 (C),0,0,-0.68,1.32,0,3.7
 90/ 56/ 7 (C),0,0,-0.63,0.89,0,3.7
 90/ 57/ 6 (C),0,0,-76.99,1.32,0,3.7
 90/ 57/ 7 (C),0,0,-50.28,0.89,0,3.7
 91/ 23/ 6 (C),763.07,10.53,-3.71,-0.51,15.03,2.8
 91/ 23/ 7 (C),501.99,6.46,-2.38,-0.33,9.21,2.8
 91/ 57/ 6 (C),747.95,10.53,-3.71,-0.51,-14.46,2.8
 91/ 57/ 7 (C),490.79,6.46,-2.38,-0.33,-8.87,2.8
 92/ 55/ 6 (C),0,0,72.13,0.67,0,3.675
 92/ 55/ 7 (C),0,0,47.05,0.35,0,3.675
 92/ 56/ 6 (C),0,0,-3.32,0.67,0,3.675
 92/ 56/ 7 (C),0,0,-2.05,0.35,0,3.675
 93/ 21/ 6 (C),332.19,8.81,38.21,-0.51,12.94,2.8
 93/ 21/ 7 (C),219.56,5.12,25.01,-0.33,7.5,2.8
 93/ 56/ 6 (C),317.07,8.81,38.21,-0.51,-11.74,2.8
 93/ 56/ 7 (C),208.36,5.12,25.01,-0.33,-6.84,2.8
 94/ 20/ 6 (C),490.86,8.79,-39.51,-0.51,12.69,2.8
 94/ 20/ 7 (C),327.16,5.6,-25.73,-0.33,8.08,2.8
 94/ 55/ 6 (C),475.74,8.79,-39.51,-0.51,-11.93,2.8
 94/ 55/ 7 (C),315.96,5.6,-25.73,-0.33,-7.6,2.8
 95/ 53/ 6 (C),0,0,-42.05,1.77,0,3.775
 95/ 53/ 7 (C),0,0,-28.01,0.98,0,3.775
 95/ 54/ 6 (C),0,0,-120.74,1.77,0,3.775
 95/ 54/ 7 (C),0,0,-79.16,0.98,0,3.775
 96/ 46/ 6 (C),0,0,33.44,1.94,0,3.525
 96/ 46/ 7 (C),0,0,21.8,1.34,0,3.525
 96/ 54/ 6 (C),0,0,-36.95,1.94,0,3.525
 96/ 54/ 7 (C),0,0,-24.09,1.34,0,3.525
 97/ 52/ 6 (C),0,0,64.19,13.2,0,2.15
 97/ 52/ 7 (C),0,0,42.74,8.45,0,2.15
 97/ 53/ 6 (C),0,0,32.35,13.2,0,2.15
 97/ 53/ 7 (C),0,0,21.48,8.45,0,2.15
 98/ 44/ 6 (C),0,0,52.48,2.37,0,3.525
 98/ 44/ 7 (C),0,0,33.63,1.71,0,3.525
 98/ 53/ 6 (C),0,0,-57.41,2.37,0,3.525
 98/ 53/ 7 (C),0,0,-36.23,1.71,0,3.525
 99/ 51/ 6 (C),0,0,165.48,-18.92,0,1.825
 99/ 51/ 7 (C),0,0,108.33,-11.79,0,1.825
 99/ 52/ 6 (C),0,0,140.67,-18.92,0,1.825
 99/ 52/ 7 (C),0,0,91.63,-11.79,0,1.825
 100/ 43/ 6 (C),0,0,31.19,-24.71,0,3.525
 100/ 43/ 7 (C),0,0,19.62,-16.11,0,3.525
 100/ 52/ 6 (C),0,0,-76.48,-24.71,0,3.525
 100/ 52/ 7 (C),0,0,-48.88,-16.11,0,3.525
 101/ 50/ 6 (C),0,0,21.44,-42.71,0,2
 101/ 50/ 7 (C),0,0,13.81,-28.03,0,2
 101/ 51/ 6 (C),0,0,-13.19,-42.71,0,2
 101/ 51/ 7 (C),0,0,-9.01,-28.03,0,2
 102/ 49/ 6 (C),0,0,-78.55,-2.39,0,1.225
 102/ 49/ 7 (C),0,0,-51.41,-1.84,0,1.225
 102/ 50/ 6 (C),0,0,-98.08,-2.39,0,1.225
 102/ 50/ 7 (C),0,0,-64.36,-1.84,0,1.225
 103/ 17/ 6 (C),761.15,1.23,11.17,-0.13,0.35,3.05
 103/ 17/ 7 (C),503.65,0.85,7.38,-0.08,0.27,3.05
 103/ 50/ 6 (C),744.68,1.23,11.17,-0.13,-3.42,3.05
 103/ 50/ 7 (C),491.45,0.85,7.38,-0.08,-2.31,3.05
 104/ 48/ 6 (C),0,0,-33.42,12.7,0,2.35
 104/ 48/ 7 (C),0,0,-21.96,8.16,0,2.35
 104/ 49/ 6 (C),0,0,-69.99,12.7,0,2.35
 104/ 49/ 7 (C),0,0,-46.27,8.16,0,2.35
 105/ 40/ 6 (C),0,0,74.23,28.2,0,2.7
 105/ 40/ 7 (C),0,0,47.54,18.38,0,2.7
 105/ 49/ 6 (C),0,0,-8.57,28.2,0,2.7
 105/ 49/ 7 (C),0,0,-5.13,18.38,0,2.7
 106/ 47/ 6 (C),0,0,116.61,-3.5,0,2.675
 106/ 47/ 7 (C),0,0,76.83,-2.08,0,2.675
 106/ 48/ 6 (C),0,0,71.72,-3.5,0,2.675
 106/ 48/ 7 (C),0,0,47.18,-2.08,0,2.675
 107/ 34/ 6 (C),0,0,70.37,-1.75,0,4.325
 107/ 34/ 7 (C),0,0,44.69,-1.16,0,4.325
 107/ 48/ 6 (C),0,0,-74.28,-1.75,0,4.325
 107/ 48/ 7 (C),0,0,-46.98,-1.16,0,4.325
 108/ 33/ 6 (C),0,0,45.31,0.82,0,4.325
 108/ 33/ 7 (C),0,0,29.46,0.45,0,4.325
 108/ 47/ 6 (C),0,0,-43.82,0.82,0,4.325
 108/ 47/ 7 (C),0,0,-28.53,0.45,0,4.325
 109/ 45/ 6 (C),0,0,-50.3,-18.23,0,2.775
 109/ 45/ 7 (C),0,0,-34.17,-11.99,0,2.775
 109/ 46/ 6 (C),0,0,-143.22,-18.23,0,2.775
 109/ 46/ 7 (C),0,0,-93.05,-11.99,0,2.775
 110/ 39/ 6 (C),0,0,-35.64,12.55,0,2.45
 110/ 39/ 7 (C),0,0,-23.42,8.27,0,2.45
 110/ 46/ 6 (C),0,0,-74.69,12.55,0,2.45
 110/ 46/ 7 (C),0,0,-49.32,8.27,0,2.45
 111/ 44/ 6 (C),0,0,-24.43,-11.21,0,1
 111/ 44/ 7 (C),0,0,-14.93,-7.24,0,1
 111/ 45/ 6 (C),0,0,-45.02,-11.21,0,1
 111/ 45/ 7 (C),0,0,-28.33,-7.24,0,1
 112/ 38/ 6 (C),0,0,83.6,24.19,0,2.45
 112/ 38/ 7 (C),0,0,54.5,15.7,0,2.45
 112/ 45/ 6 (C),0,0,26.58,24.19,0,2.45
 112/ 45/ 7 (C),0,0,17.7,15.7,0,2.45
 113/ 43/ 6 (C),0,0,76.26,-7.53,0,2.15
 113/ 43/ 7 (C),0,0,49.89,-4.83,0,2.15
 113/ 44/ 6 (C),0,0,28.05,-7.53,0,2.15
 113/ 44/ 7 (C),0,0,18.7,-4.83,0,2.15
 114/ 41/ 6 (C),0,0,130.91,-56.7,0,1.175
 114/ 41/ 7 (C),0,0,84.81,-37.04,0,1.175
 114/ 43/ 6 (C),0,0,107.44,-56.7,0,1.175
 114/ 43/ 7 (C),0,0,69.51,-37.04,0,1.175
 115/ 41/ 6 (C),0,0,-124.21,-47.32,0,1.8
 115/ 41/ 7 (C),0,0,-79.92,-30.7,0,1.8
 115/ 42/ 6 (C),0,0,-173.74,-47.32,0,1.8
 115/ 42/ 7 (C),0,0,-111.59,-30.7,0,1.8
 116/ 37/ 6 (C),0,0,-113.27,50.45,0,1.275
 116/ 37/ 7 (C),0,0,-73.32,32.48,0,1.275
 116/ 42/ 6 (C),0,0,-143.56,50.45,0,1.275
 116/ 42/ 7 (C),0,0,-92.85,32.48,0,1.275
 117/ 40/ 6 (C),0,0,116.51,24.95,0,3.05
 117/ 40/ 7 (C),0,0,74.27,16.19,0,3.05
 117/ 41/ 6 (C),0,0,6.7,24.95,0,3.05
 117/ 41/ 7 (C),0,0,4.89,16.19,0,3.05
 118/ 35/ 6 (C),0,0,-70.66,-47.02,0,1.625
 118/ 35/ 7 (C),0,0,-46,-30.4,0,1.625
 118/ 40/ 6 (C),0,0,-119.72,-47.02,0,1.625
 118/ 40/ 7 (C),0,0,-77.23,-30.4,0,1.625
 119/ 13/ 6 (C),1470.43,0.32,-8.69,-0.13,-0.46,3.05
 119/ 13/ 7 (C),957.21,0.24,-5.42,-0.08,-0.26,3.05
 119/ 40/ 6 (C),1453.96,0.32,-8.69,-0.13,-1.42,3.05
 119/ 40/ 7 (C),945.01,0.24,-5.42,-0.08,-1,3.05
 120/ 38/ 6 (C),0,0,4.92,-14.19,0,2.775
 120/ 38/ 7 (C),0,0,2.81,-9.23,0,2.775
 120/ 39/ 6 (C),0,0,-76.42,-14.19,0,2.775
 120/ 39/ 7 (C),0,0,-49.05,-9.23,0,2.775
 121/ 36/ 6 (C),0,0,525.07,21.83,0,0.4
 121/ 36/ 7 (C),0,0,347.72,14.07,0,0.4
 121/ 39/ 6 (C),0,0,521.17,21.83,0,0.4
 121/ 39/ 7 (C),0,0,344.99,14.07,0,0.4
 122/ 37/ 6 (C),0,0,117.22,53.18,0,1.35
 122/ 37/ 7 (C),0,0,75.94,34.75,0,1.35
 122/ 38/ 6 (C),0,0,88.52,53.18,0,1.35
 122/ 38/ 7 (C),0,0,57.31,34.75,0,1.35
 123/ 30/ 6 (C),0,0,60.47,-8.69,0,2
 123/ 30/ 7 (C),0,0,38.73,-5.69,0,2
 123/ 37/ 6 (C),0,0,3.95,-8.69,0,2
 123/ 37/ 7 (C),0,0,2.62,-5.69,0,2
 124/ 32/ 6 (C),0,0,-61.57,1.95,0,1.6
 124/ 32/ 7 (C),0,0,-40.67,1.31,0,1.6
 124/ 36/ 6 (C),0,0,-86.17,1.95,0,1.6
 124/ 36/ 7 (C),0,0,-57.05,1.31,0,1.6
 125/ 34/ 6 (C),0,0,-52.24,-9.72,0,2.35
 125/ 34/ 7 (C),0,0,-34.59,-6.21,0,2.35
 125/ 35/ 6 (C),0,0,-112.78,-9.72,0,2.35
 125/ 35/ 7 (C),0,0,-73.45,-6.21,0,2.35
 126/ 28/ 6 (C),0,0,83.89,23.01,0,1.65
 126/ 28/ 7 (C),0,0,54.28,15.18,0,1.65
 126/ 35/ 6 (C),0,0,42.12,23.01,0,1.65
 126/ 35/ 7 (C),0,0,27.45,15.18,0,1.65
 127/ 33/ 6 (C),0,0,135.84,4.94,0,2.675
 127/ 33/ 7 (C),0,0,88.25,3.13,0,2.675
 127/ 34/ 6 (C),0,0,62.95,4.94,0,2.675
 127/ 34/ 7 (C),0,0,41.61,3.13,0,2.675
 128/ 26/ 6 (C),0,0,12.24,-7.45,0,1.65
 128/ 26/ 7 (C),0,0,8.33,-5.03,0,1.65
 128/ 33/ 6 (C),0,0,-9.11,-7.45,0,1.65
 128/ 33/ 7 (C),0,0,-6.11,-5.03,0,1.65
 129/ 31/ 6 (C),0,0,13.24,1.35,0,2.775
 129/ 31/ 7 (C),0,0,8.4,0.75,0,2.775
 129/ 32/ 6 (C),0,0,-68.49,1.35,0,2.775
 129/ 32/ 7 (C),0,0,-43.7,0.75,0,2.775
 130/ 25/ 6 (C),0,0,34.99,4.05,0,3.725
 130/ 25/ 7 (C),0,0,22.85,2.57,0,3.725
 130/ 32/ 6 (C),0,0,-38.8,4.05,0,3.725
 130/ 32/ 7 (C),0,0,-25.29,2.57,0,3.725
 131/ 30/ 6 (C),0,0,104.43,-17.6,0,1.35
 131/ 30/ 7 (C),0,0,66.5,-11.19,0,1.35
 131/ 31/ 6 (C),0,0,68.9,-17.6,0,1.35
 131/ 31/ 7 (C),0,0,43.72,-11.19,0,1.35
 132/ 24/ 6 (C),0,0,70.16,-6.11,0,3.725
 132/ 24/ 7 (C),0,0,44.38,-3.9,0,3.725
 132/ 31/ 6 (C),0,0,-55.66,-6.11,0,3.725
 132/ 31/ 7 (C),0,0,-35.33,-3.9,0,3.725
 133/ 9/ 6 (C),1125.84,3.19,-7.44,-0.13,1.97,3.05
 133/ 9/ 7 (C),731.67,2.07,-4.8,-0.08,1.28,3.05
 133/ 30/ 6 (C),1109.37,3.19,-7.44,-0.13,-7.76,3.05
 133/ 30/ 7 (C),719.47,2.07,-4.8,-0.08,-5.04,3.05
 134/ 29/ 6 (C),0,0,40.89,7.64,0,2.5
 134/ 29/ 7 (C),0,0,25.73,4.86,0,2.5
 134/ 30/ 6 (C),0,0,-59.14,7.64,0,2.5
 134/ 30/ 7 (C),0,0,-37.22,4.86,0,2.5
 135/ 8/ 6 (C),859.72,-5.87,-2.82,-0.13,-6.99,3.05
 135/ 8/ 7 (C),558.03,-3.69,-1.83,-0.08,-4.41,3.05
 135/ 29/ 6 (C),843.25,-5.87,-2.82,-0.13,10.92,3.05
 135/ 29/ 7 (C),545.83,-3.69,-1.83,-0.08,6.84,3.05
 136/ 28/ 6 (C),0,0,69.21,-6.93,0,2.35
 136/ 28/ 7 (C),0,0,43.82,-4.4,0,2.35
 136/ 29/ 6 (C),0,0,-21.93,-6.93,0,2.35
 136/ 29/ 7 (C),0,0,-13.6,-4.4,0,2.35
 137/ 23/ 6 (C),0,0,59.79,5.14,0,3.725
 137/ 23/ 7 (C),0,0,37.72,3.36,0,3.725
 137/ 29/ 6 (C),0,0,-69.42,5.14,0,3.725
 137/ 29/ 7 (C),0,0,-44.04,3.36,0,3.725
 138/ 7/ 6 (C),1358.65,2.75,11.21,-0.13,2.02,3.05
 138/ 7/ 7 (C),883.01,1.8,7.2,-0.08,1.32,3.05
 138/ 28/ 6 (C),1342.18,2.75,11.21,-0.13,-6.38,3.05
 138/ 28/ 7 (C),870.81,1.8,7.2,-0.08,-4.16,3.05
 139/ 27/ 6 (C),0,0,-95.68,32.62,0,1.35
 139/ 27/ 7 (C),0,0,-60.78,21.06,0,1.35
 139/ 28/ 6 (C),0,0,-130.06,32.62,0,1.35
 139/ 28/ 7 (C),0,0,-82.86,21.06,0,1.35
 140/ 26/ 6 (C),0,0,91.23,-8.23,0,3.675
 140/ 26/ 7 (C),0,0,58.2,-5.32,0,3.675
 140/ 27/ 6 (C),0,0,-24.6,-8.23,0,3.675
 140/ 27/ 7 (C),0,0,-15.39,-5.32,0,3.675
 141/ 21/ 6 (C),0,0,58.12,-7.85,0,3.725
 141/ 21/ 7 (C),0,0,36.37,-5.32,0,3.725
 141/ 27/ 6 (C),0,0,-71.08,-7.85,0,3.725
 141/ 27/ 7 (C),0,0,-45.39,-5.32,0,3.725
 142/ 20/ 6 (C),0,0,37.45,3.45,0,3.725
 142/ 20/ 7 (C),0,0,24.34,2.36,0,3.725
 142/ 26/ 6 (C),0,0,-39.72,3.45,0,3.725
 142/ 26/ 7 (C),0,0,-25.85,2.36,0,3.725
 143/ 24/ 6 (C),0,0,29.65,-2.83,0,2.775
 143/ 24/ 7 (C),0,0,19.51,-1.73,0,2.775
 143/ 25/ 6 (C),0,0,-17.96,-2.83,0,2.775
 143/ 25/ 7 (C),0,0,-11.89,-1.73,0,2.775
 144/ 4/ 6 (C),712.73,8.76,1.83,-0.13,7.5,3.05
 144/ 4/ 7 (C),469.61,5.54,1.16,-0.08,4.72,3.05
 144/ 24/ 6 (C),696.26,8.76,1.83,-0.13,-19.23,3.05
 144/ 24/ 7 (C),457.41,5.54,1.16,-0.08,-12.18,3.05
 145/ 23/ 6 (C),0,0,31.57,1.85,0,3.85
 145/ 23/ 7 (C),0,0,20.44,1.19,0,3.85
 145/ 24/ 6 (C),0,0,-49.94,1.85,0,3.85
 145/ 24/ 7 (C),0,0,-32.5,1.19,0,3.85
 146/ 3/ 6 (C),797.37,5.97,-11.66,-0.13,5.05,3.05
 146/ 3/ 7 (C),524.11,3.73,-7.63,-0.08,3.13,3.05
 146/ 23/ 6 (C),780.9,5.97,-11.66,-0.13,-13.16,3.05
 146/ 23/ 7 (C),511.91,3.73,-7.63,-0.08,-8.26,3.05
 147/ 22/ 6 (C),0,0,127.06,3.24,0,2.35
 147/ 22/ 7 (C),0,0,82.84,2.09,0,2.35
 147/ 23/ 6 (C),0,0,73.52,3.24,0,2.35
 147/ 23/ 7 (C),0,0,48.24,2.09,0,2.35
 148/ 21/ 6 (C),0,0,-354.92,-2.88,0,1.35
 148/ 21/ 7 (C),0,0,-232.6,-1.63,0,1.35
 148/ 22/ 6 (C),0,0,-377.7,-2.88,0,1.35
 148/ 22/ 7 (C),0,0,-247.64,-1.63,0,1.35
 149/ 2/ 6 (C),521.23,2.63,34.16,-0.13,1.89,3.05
 149/ 2/ 7 (C),342.68,1.58,22.4,-0.08,1.1,3.05
 149/ 22/ 6 (C),504.76,2.63,34.16,-0.13,-6.12,3.05
 149/ 22/ 7 (C),330.48,1.58,22.4,-0.08,-3.72,3.05
 150/ 20/ 6 (C),0,0,110.84,0.89,0,3.675
 150/ 20/ 7 (C),0,0,72.43,0.44,0,3.675
 150/ 21/ 6 (C),0,0,35.38,0.89,0,3.675
 150/ 21/ 7 (C),0,0,23.33,0.44,0,3.675
 151/ 185/ 6 (C),0.01,0,-22.83,-0.05,0,3.775
 151/ 185/ 7 (C),0,0,-13.8,-0.01,0,3.775
 151/ 186/ 6 (C),0.01,0,-96.19,-0.05,0,3.775
 151/ 186/ 7 (C),0,0,-63.89,-0.01,0,3.775
 152/ 178/ 6 (C),0,0,25.9,4.44,0,3.525
 152/ 178/ 7 (C),0,0,18.07,3.02,0,3.525
 152/ 186/ 6 (C),0,0,-39.83,4.44,0,3.525
 152/ 186/ 7 (C),0,0,-26.89,3.02,0,3.525
 153/ 153/ 6 (C),151.14,-18.15,68.59,-0.52,-23.22,2.8
 153/ 153/ 7 (C),101.98,-11.94,45.07,-0.34,-15.18,2.8
 153/ 186/ 6 (C),136.02,-18.15,68.59,-0.52,27.59,2.8
 153/ 186/ 7 (C),90.78,-11.94,45.07,-0.34,18.25,2.8
 154/ 184/ 6 (C),0,0,47.72,13.45,0,2.15
 154/ 184/ 7 (C),0,0,30.86,8.98,0,2.15
 154/ 185/ 6 (C),0,0,17.6,13.45,0,2.15
 154/ 185/ 7 (C),0,0,9.94,8.98,0,2.15
 155/ 176/ 6 (C),0,0,50.47,-1.19,0,3.525
 155/ 176/ 7 (C),0,0,34.14,-1.01,0,3.525
 155/ 185/ 6 (C),0,0,-50.81,-1.19,0,3.525
 155/ 185/ 7 (C),0,0,-34,-1.01,0,3.525
 156/ 152/ 6 (C),25.5,-15.14,-1.22,-0.52,-19.4,2.8
 156/ 152/ 7 (C),21.45,-9.75,-0.65,-0.34,-12.21,2.8
 156/ 185/ 6 (C),10.38,-15.14,-1.22,-0.52,22.99,2.8
 156/ 185/ 7 (C),10.25,-9.75,-0.65,-0.34,15.09,2.8
 157/ 183/ 6 (C),0.01,0,141.66,-19.36,0,1.825
 157/ 183/ 7 (C),0,0,94.63,-13.01,0,1.825
 157/ 184/ 6 (C),0.01,0,118.1,-19.36,0,1.825
 157/ 184/ 7 (C),0,0,78.18,-13.01,0,1.825
 158/ 175/ 6 (C),0,0,28.89,-24.79,0,3.525
 158/ 175/ 7 (C),0,0,19.51,-16.49,0,3.525
 158/ 184/ 6 (C),0,0,-70.39,-24.79,0,3.525
 158/ 184/ 7 (C),0,0,-47.32,-16.49,0,3.525
 159/ 182/ 6 (C),0,0,28,-48.51,0,2
 159/ 182/ 7 (C),0,0,19.14,-32.21,0,2
 159/ 183/ 6 (C),0,0,-4.52,-48.51,0,2
 159/ 183/ 7 (C),0,0,-3.26,-32.21,0,2
 160/ 150/ 6 (C),161.3,-6.56,-76.45,-0.52,-8.71,2.8
 160/ 150/ 7 (C),109.09,-4.27,-50.35,-0.34,-5.59,2.8
 160/ 183/ 6 (C),146.18,-6.56,-76.45,-0.52,9.66,2.8
 160/ 183/ 7 (C),97.89,-4.27,-50.35,-0.34,6.36,2.8
 161/ 181/ 6 (C),0,0,-72.34,8.61,0,1.225
 161/ 181/ 7 (C),0,0,-48.13,5.62,0,1.225
 161/ 182/ 6 (C),0,0,-90.74,8.61,0,1.225
 161/ 182/ 7 (C),0,0,-60.85,5.62,0,1.225
 162/ 149/ 6 (C),149.08,0.81,21.36,-0.52,0.95,2.8
 162/ 149/ 7 (C),101.12,0.67,14.18,-0.34,0.79,2.8
 162/ 182/ 6 (C),133.96,0.81,21.36,-0.52,-1.3,2.8
 162/ 182/ 7 (C),89.92,0.67,14.18,-0.34,-1.09,2.8
 163/ 180/ 6 (C),0,0,-15.14,7.58,0,2.35
 163/ 180/ 7 (C),0,0,-9.08,5.17,0,2.35
 163/ 181/ 6 (C),0,0,-49.64,7.58,0,2.35
 163/ 181/ 7 (C),0,0,-32.98,5.17,0,2.35
 164/ 172/ 6 (C),0,0,53.64,27.02,0,2.7
 164/ 172/ 7 (C),0,0,36.24,18.09,0,2.7
 164/ 181/ 6 (C),0,0,-22.7,27.02,0,2.7
 164/ 181/ 7 (C),0,0,-15.15,18.09,0,2.7
 165/ 179/ 6 (C),0,0,83.61,-1.88,0,2.675
 165/ 179/ 7 (C),0,0,55.53,-1.18,0,2.675
 165/ 180/ 6 (C),0,0,41.4,-1.88,0,2.675
 165/ 180/ 7 (C),0,0,26.41,-1.18,0,2.675
 166/ 167/ 6 (C),0,0,64.93,-0.5,0,4.325
 166/ 167/ 7 (C),0,0,43.75,-0.36,0,4.325
 166/ 180/ 6 (C),0,0,-68.18,-0.5,0,4.325
 166/ 180/ 7 (C),0,0,-45.61,-0.36,0,4.325
 167/ 147/ 6 (C),26.75,-22.93,-17.8,-0.52,-29.22,2.8
 167/ 147/ 7 (C),21.31,-14.86,-11.67,-0.34,-18.67,2.8
 167/ 180/ 6 (C),11.63,-22.93,-17.8,-0.52,34.98,2.8
 167/ 180/ 7 (C),10.11,-14.86,-11.67,-0.34,22.92,2.8
 168/ 166/ 6 (C),0,0,42.49,0.73,0,4.325
 168/ 166/ 7 (C),0,0,29.08,0.43,0,4.325
 168/ 179/ 6 (C),0,0,-40.65,0.73,0,4.325
 168/ 179/ 7 (C),0,0,-27.71,0.43,0,4.325
 169/ 146/ 6 (C),139.38,-15.55,-49.75,-0.52,-19.41,2.8
 169/ 146/ 7 (C),94.44,-10.32,-32.72,-0.34,-12.73,2.8
 169/ 179/ 6 (C),124.26,-15.55,-49.75,-0.52,24.12,2.8
 169/ 179/ 7 (C),83.24,-10.32,-32.72,-0.34,16.16,2.8
 170/ 177/ 6 (C),0,0,-17.25,-11.61,0,2.775
 170/ 177/ 7 (C),0,0,-9.77,-7.5,0,2.775
 170/ 178/ 6 (C),0,0,-102.75,-11.61,0,2.775
 170/ 178/ 7 (C),0,0,-67.17,-7.5,0,2.775
 171/ 171/ 6 (C),0,0,8.38,11.44,0,2.45
 171/ 171/ 7 (C),0,0,5.96,7.3,0,2.45
 171/ 178/ 6 (C),0,0,-28.41,11.44,0,2.45
 171/ 178/ 7 (C),0,0,-19.5,7.3,0,2.45
 172/ 145/ 6 (C),172.18,-4.03,59.44,-0.52,-5.92,2.8
 172/ 145/ 7 (C),115.94,-2.65,38.72,-0.34,-3.92,2.8
 172/ 178/ 6 (C),157.06,-4.03,59.44,-0.52,5.36,2.8
 172/ 178/ 7 (C),104.74,-2.65,38.72,-0.34,3.49,2.8
 173/ 176/ 6 (C),0,0,-38.24,-12.69,0,1
 173/ 176/ 7 (C),0,0,-27,-8.94,0,1
 173/ 177/ 6 (C),0,0,-57.44,-12.69,0,1
 173/ 177/ 7 (C),0,0,-40.12,-8.94,0,1
 174/ 170/ 6 (C),0,0,66.92,17.92,0,2.45
 174/ 170/ 7 (C),0,0,43.97,11.99,0,2.45
 174/ 177/ 6 (C),0,0,13.95,17.92,0,2.45
 174/ 177/ 7 (C),0,0,7.97,11.99,0,2.45
 175/ 144/ 6 (C),41.36,31.76,34.9,-0.52,41.78,2.8
 175/ 144/ 7 (C),33.57,20.7,22.92,-0.34,27.31,2.8
 175/ 177/ 6 (C),26.24,31.76,34.9,-0.52,-47.15,2.8
 175/ 177/ 7 (C),22.37,20.7,22.92,-0.34,-30.65,2.8
 176/ 175/ 6 (C),0,0,57.07,-3.8,0,2.15
 176/ 175/ 7 (C),0,0,37.66,-2.59,0,2.15
 176/ 176/ 6 (C),0,0,12.23,-3.8,0,2.15
 176/ 176/ 7 (C),0,0,7.14,-2.59,0,2.15
 177/ 173/ 6 (C),0,0,107.87,-41.59,0,1.175
 177/ 173/ 7 (C),0,0,72.15,-27.1,0,1.175
 177/ 175/ 6 (C),0,0,85.96,-41.59,0,1.175
 177/ 175/ 7 (C),0,0,57.17,-27.1,0,1.175
 178/ 173/ 6 (C),0,0,-101.71,-37.7,0,1.8
 178/ 173/ 7 (C),0,0,-67.86,-25.22,0,1.8
 178/ 174/ 6 (C),0,0,-147.5,-37.7,0,1.8
 178/ 174/ 7 (C),0,0,-98.79,-25.22,0,1.8
 179/ 169/ 6 (C),0,0,-89.41,47.4,0,1.275
 179/ 169/ 7 (C),0,0,-59.53,31.89,0,1.275
 179/ 174/ 6 (C),0,0,-117.54,47.4,0,1.275
 179/ 174/ 7 (C),0,0,-78.62,31.89,0,1.275
 180/ 141/ 6 (C),285.46,-12.81,34.74,-0.52,-16.64,2.8
 180/ 141/ 7 (C),192.07,-8.46,22.86,-0.34,-10.87,2.8
 180/ 174/ 6 (C),270.34,-12.81,34.74,-0.52,19.23,2.8
 180/ 174/ 7 (C),180.87,-8.46,22.86,-0.34,12.83,2.8
 181/ 172/ 6 (C),0,0,107.05,20.79,0,3.05
 181/ 172/ 7 (C),0,0,71.89,13.78,0,3.05
 181/ 173/ 6 (C),0,0,6.16,20.79,0,3.05
 181/ 173/ 7 (C),0,0,4.29,13.78,0,3.05
 182/ 168/ 6 (C),0,0,-46.32,-37.35,0,1.625
 182/ 168/ 7 (C),0,0,-30.76,-24.83,0,1.625
 182/ 172/ 6 (C),0,0,-91.57,-37.35,0,1.625
 182/ 172/ 7 (C),0,0,-61.23,-24.83,0,1.625
 183/ 139/ 6 (C),267.39,-4.77,-26.67,-0.52,-6.26,2.8
 183/ 139/ 7 (C),180.55,-3.03,-17.54,-0.34,-3.99,2.8
 183/ 172/ 6 (C),252.27,-4.77,-26.67,-0.52,7.09,2.8
 183/ 172/ 7 (C),169.35,-3.03,-17.54,-0.34,4.49,2.8
 184/ 170/ 6 (C),0,0,6.02,-16.32,0,2.775
 184/ 170/ 7 (C),0,0,4.43,-10.56,0,2.775
 184/ 171/ 6 (C),0,0,-69.05,-16.32,0,2.775
 184/ 171/ 7 (C),0,0,-46.17,-10.56,0,2.775
 185/ 165/ 6 (C),0,0,11.65,4.61,0,2
 185/ 165/ 7 (C),0,0,8.51,2.98,0,2
 185/ 171/ 6 (C),0,0,-15.35,4.61,0,2
 185/ 171/ 7 (C),0,0,-10.29,2.98,0,2
 186/ 138/ 6 (C),107.91,-1.97,32.59,-0.52,-2.76,2.8
 186/ 138/ 7 (C),73.62,-1.32,21.31,-0.34,-1.84,2.8
 186/ 171/ 6 (C),92.79,-1.97,32.59,-0.52,2.76,2.8
 186/ 171/ 7 (C),62.42,-1.32,21.31,-0.34,1.84,2.8
 187/ 169/ 6 (C),0,0,99.68,36.65,0,1.35
 187/ 169/ 7 (C),0,0,66.64,23.86,0,1.35
 187/ 170/ 6 (C),0,0,72.94,36.65,0,1.35
 187/ 170/ 7 (C),0,0,48.4,23.86,0,1.35
 188/ 163/ 6 (C),0,0,62.49,-1.06,0,2
 188/ 163/ 7 (C),0,0,42.36,-0.63,0,2
 188/ 169/ 6 (C),0,0,10.26,-1.06,0,2
 188/ 169/ 7 (C),0,0,7.11,-0.63,0,2
 189/ 167/ 6 (C),0,0,-19.31,-8.19,0,2.35
 189/ 167/ 7 (C),0,0,-11.71,-5.61,0,2.35
 189/ 168/ 6 (C),0,0,-75.39,-8.19,0,2.35
 189/ 168/ 7 (C),0,0,-49.68,-5.61,0,2.35
 190/ 161/ 6 (C),0,0,67.77,5.25,0,1.65
 190/ 161/ 7 (C),0,0,45.14,3.1,0,1.65
 190/ 168/ 6 (C),0,0,29.07,5.25,0,1.65
 190/ 168/ 7 (C),0,0,18.92,3.1,0,1.65
 191/ 166/ 6 (C),0,0,93.43,3.55,0,2.675
 191/ 166/ 7 (C),0,0,61.32,2.44,0,2.675
 191/ 167/ 6 (C),0,0,26.02,3.55,0,2.675
 191/ 167/ 7 (C),0,0,15.77,2.44,0,2.675
 192/ 134/ 6 (C),34.72,16.77,-11.78,-0.52,21.3,2.8
 192/ 134/ 7 (C),27.47,11.09,-7.6,-0.34,13.84,2.8
 192/ 167/ 6 (C),19.6,16.77,-11.78,-0.52,-25.66,2.8
 192/ 167/ 7 (C),16.27,11.09,-7.6,-0.34,-17.21,2.8
 193/ 159/ 6 (C),0,0,14.34,-2.13,0,1.65
 193/ 159/ 7 (C),0,0,9.69,-1.08,0,1.65
 193/ 166/ 6 (C),0,0,-5.99,-2.13,0,1.65
 193/ 166/ 7 (C),0,0,-4.55,-1.08,0,1.65
 194/ 133/ 6 (C),157.02,10.47,-49.14,-0.52,13.62,2.8
 194/ 133/ 7 (C),106.15,6.92,-32.01,-0.34,8.9,2.8
 194/ 166/ 6 (C),141.9,10.47,-49.14,-0.52,-15.7,2.8
 194/ 166/ 7 (C),94.95,6.92,-32.01,-0.34,-10.47,2.8
 195/ 164/ 6 (C),0,0,10,2.2,0,2.775
 195/ 164/ 7 (C),0,0,6.89,1.46,0,2.775
 195/ 165/ 6 (C),0,0,-65.43,2.2,0,2.775
 195/ 165/ 7 (C),0,0,-43.95,1.46,0,2.775
 196/ 158/ 6 (C),0,0,29,5.19,0,3.725
 196/ 158/ 7 (C),0,0,19.86,3.48,0,3.725
 196/ 165/ 6 (C),0,0,-39.93,5.19,0,3.725
 196/ 165/ 7 (C),0,0,-27.3,3.48,0,3.725
 197/ 132/ 6 (C),132.12,-12.3,24.59,-0.52,-16.4,2.8
 197/ 132/ 7 (C),90.96,-8.1,16.09,-0.34,-10.74,2.8
 197/ 165/ 6 (C),117,-12.3,24.59,-0.52,18.03,2.8
 197/ 165/ 7 (C),79.76,-8.1,16.09,-0.34,11.93,2.8
 198/ 163/ 6 (C),0,0,96.17,-17.25,0,1.35
 198/ 163/ 7 (C),0,0,64.99,-11.63,0,1.35
 198/ 164/ 6 (C),0,0,63.28,-17.25,0,1.35
 198/ 164/ 7 (C),0,0,42.75,-11.63,0,1.35
 199/ 157/ 6 (C),0,0,62.49,-4.76,0,3.725
 199/ 157/ 7 (C),0,0,41.83,-3.25,0,3.725
 199/ 164/ 6 (C),0,0,-53.27,-4.76,0,3.725
 199/ 164/ 7 (C),0,0,-35.86,-3.25,0,3.725
 200/ 162/ 6 (C),0,0,47.73,11.2,0,2.5
 200/ 162/ 7 (C),0,0,31.44,7.57,0,2.5
 200/ 163/ 6 (C),0,0,-43.98,11.2,0,2.5
 200/ 163/ 7 (C),0,0,-29.84,7.57,0,2.5
 201/ 130/ 6 (C),217.76,8.43,-19.34,-0.52,10.92,2.8
 201/ 130/ 7 (C),148.39,5.59,-12.81,-0.34,7.15,2.8
 201/ 163/ 6 (C),202.64,8.43,-19.34,-0.52,-12.68,2.8
 201/ 163/ 7 (C),137.19,5.59,-12.81,-0.34,-8.49,2.8
 202/ 161/ 6 (C),0,0,49.75,-8.39,0,2.35
 202/ 161/ 7 (C),0,0,33.69,-5.65,0,2.35
 202/ 162/ 6 (C),0,0,-33.86,-8.39,0,2.35
 202/ 162/ 7 (C),0,0,-22.22,-5.65,0,2.35
 203/ 156/ 6 (C),0,0,52.12,-3.62,0,3.725
 203/ 156/ 7 (C),0,0,34.89,-2.37,0,3.725
 203/ 162/ 6 (C),0,0,-66.68,-3.62,0,3.725
 203/ 162/ 7 (C),0,0,-44.79,-2.37,0,3.725
 204/ 129/ 6 (C),163.39,-16.88,-2.15,-0.52,-21.89,2.8
 204/ 129/ 7 (C),109.65,-11.1,-1.42,-0.34,-14.23,2.8
 204/ 162/ 6 (C),148.27,-16.88,-2.15,-0.52,25.36,2.8
 204/ 162/ 7 (C),98.45,-11.1,-1.42,-0.34,16.85,2.8
 205/ 160/ 6 (C),0,0,-88.28,26.25,0,1.35
 205/ 160/ 7 (C),0,0,-59.33,17.4,0,1.35
 205/ 161/ 6 (C),0,0,-120.13,26.25,0,1.35
 205/ 161/ 7 (C),0,0,-80.9,17.4,0,1.35
 206/ 128/ 6 (C),252.78,4.68,26.63,-0.52,6.37,2.8
 206/ 128/ 7 (C),170.93,3.03,17.51,-0.34,4.11,2.8
 206/ 161/ 6 (C),237.66,4.68,26.63,-0.52,-6.74,2.8
 206/ 161/ 7 (C),159.73,3.03,17.51,-0.34,-4.38,2.8
 207/ 159/ 6 (C),0,0,81.11,-6.03,0,3.675
 207/ 159/ 7 (C),0,0,54.41,-3.96,0,3.675
 207/ 160/ 6 (C),0,0,-25.62,-6.03,0,3.675
 207/ 160/ 7 (C),0,0,-17.37,-3.96,0,3.675
 208/ 155/ 6 (C),0,0,56.13,8.68,0,3.725
 208/ 155/ 7 (C),0,0,37.71,5.85,0,3.725
 208/ 160/ 6 (C),0,0,-62.66,8.68,0,3.725
 208/ 160/ 7 (C),0,0,-41.96,5.85,0,3.725
 209/ 154/ 6 (C),0,0,34.33,-0.84,0,3.725
 209/ 154/ 7 (C),0,0,23.35,-0.62,0,3.725
 209/ 159/ 6 (C),0,0,-37.63,-0.84,0,3.725
 209/ 159/ 7 (C),0,0,-25.79,-0.62,0,3.725
 210/ 126/ 6 (C),148.2,-4.68,-41.61,-0.52,-5.97,2.8
 210/ 126/ 7 (C),101.09,-3.17,-27.22,-0.34,-3.96,2.8
 210/ 159/ 6 (C),133.08,-4.68,-41.61,-0.52,7.13,2.8
 210/ 159/ 7 (C),89.89,-3.17,-27.22,-0.34,4.9,2.8
 211/ 157/ 6 (C),0,0,21.18,-3.99,0,2.775
 211/ 157/ 7 (C),0,0,14.88,-2.66,0,2.775
 211/ 158/ 6 (C),0,0,-23.54,-3.99,0,2.775
 211/ 158/ 7 (C),0,0,-15.93,-2.66,0,2.775
 212/ 125/ 6 (C),67.66,6.54,9.69,-0.52,7.94,2.8
 212/ 125/ 7 (C),46.99,4.35,6.34,-0.34,5.17,2.8
 212/ 158/ 6 (C),52.54,6.54,9.69,-0.52,-10.37,2.8
 212/ 158/ 7 (C),35.79,4.35,6.34,-0.34,-7.02,2.8
 213/ 156/ 6 (C),0,0,45.99,2.61,0,3.85
 213/ 156/ 7 (C),0,0,31.14,1.74,0,3.85
 213/ 157/ 6 (C),0,0,-29.97,2.61,0,3.85
 213/ 157/ 7 (C),0,0,-20.68,1.74,0,3.85
 214/ 124/ 6 (C),128.76,19.69,4.42,-0.52,25.11,2.8
 214/ 124/ 7 (C),88.6,12.82,2.82,-0.34,16.08,2.8
 214/ 157/ 6 (C),113.64,19.69,4.42,-0.52,-30.01,2.8
 214/ 157/ 7 (C),77.4,12.82,2.82,-0.34,-19.82,2.8
 215/ 155/ 6 (C),0,0,6.86,0.81,0,3.7
 215/ 155/ 7 (C),0,0,5.55,0.48,0,3.7
 215/ 156/ 6 (C),0,0,-64.32,0.81,0,3.7
 215/ 156/ 7 (C),0,0,-43.07,0.48,0,3.7
 216/ 123/ 6 (C),177.55,12.7,14.91,-0.52,15.93,2.8
 216/ 123/ 7 (C),120.3,8.19,9.74,-0.34,10.03,2.8
 216/ 156/ 6 (C),162.43,12.7,14.91,-0.52,-19.63,2.8
 216/ 156/ 7 (C),109.1,8.19,9.74,-0.34,-12.89,2.8
 217/ 154/ 6 (C),0,0,61.08,1.3,0,3.675
 217/ 154/ 7 (C),0,0,40.84,0.9,0,3.675
 217/ 155/ 6 (C),0,0,-9.31,1.3,0,3.675
 217/ 155/ 7 (C),0,0,-7.25,0.9,0,3.675
 218/ 122/ 6 (C),87.42,12.7,0.63,-0.52,15.95,2.8
 218/ 122/ 7 (C),61.7,8.22,0.46,-0.34,10,2.8
 218/ 155/ 6 (C),72.3,12.7,0.63,-0.52,-19.62,2.8
 218/ 155/ 7 (C),50.5,8.22,0.46,-0.34,-13.02,2.8
 219/ 121/ 6 (C),110.53,11.2,-36.58,-0.52,14.16,2.8
 219/ 121/ 7 (C),75.39,7.37,-24.02,-0.34,9.19,2.8
 219/ 154/ 6 (C),95.41,11.2,-36.58,-0.52,-17.21,2.8
 219/ 154/ 7 (C),64.19,7.37,-24.02,-0.34,-11.46,2.8
 220/ 152/ 6 (C),0,0,-40.46,0.32,0,3.775
 220/ 152/ 7 (C),0,0,-26.96,0.08,0,3.775
 220/ 153/ 6 (C),0,0,-119.15,0.32,0,3.775
 220/ 153/ 7 (C),0,0,-78.11,0.08,0,3.775
 221/ 145/ 6 (C),0,0,23.4,1.53,0,3.525
 221/ 145/ 7 (C),0,0,15.2,1.06,0,3.525
 221/ 153/ 6 (C),0,0,-46.99,1.53,0,3.525
 221/ 153/ 7 (C),0,0,-30.69,1.06,0,3.525
 222/ 120/ 6 (C),332.4,-13.64,53.65,-0.5,-19.41,2.8
 222/ 120/ 7 (C),221.98,-8.8,35.15,-0.33,-12.54,2.8
 222/ 153/ 6 (C),317.28,-13.64,53.65,-0.5,18.78,2.8
 222/ 153/ 7 (C),210.78,-8.8,35.15,-0.33,12.09,2.8
 223/ 151/ 6 (C),0,0,64.09,17.06,0,2.15
 223/ 151/ 7 (C),0,0,42.64,10.89,0,2.15
 223/ 152/ 6 (C),0,0,32.25,17.06,0,2.15
 223/ 152/ 7 (C),0,0,21.38,10.89,0,2.15
 224/ 143/ 6 (C),0,0,53.55,-0.01,0,3.525
 224/ 143/ 7 (C),0,0,34.38,0.17,0,3.525
 224/ 152/ 6 (C),0,0,-56.34,-0.01,0,3.525
 224/ 152/ 7 (C),0,0,-35.48,0.17,0,3.525
 225/ 119/ 6 (C),24.26,-11.66,-0.63,-0.5,-16.67,2.8
 225/ 119/ 7 (C),19.79,-6.98,-0.41,-0.33,-10.03,2.8
 225/ 152/ 6 (C),9.14,-11.66,-0.63,-0.5,15.99,2.8
 225/ 152/ 7 (C),8.59,-6.98,-0.41,-0.33,9.51,2.8
 226/ 150/ 6 (C),0,0,165.46,-21,0,1.825
 226/ 150/ 7 (C),0,0,108.27,-13.18,0,1.825
 226/ 151/ 6 (C),0,0,140.65,-21,0,1.825
 226/ 151/ 7 (C),0,0,91.57,-13.18,0,1.825
 227/ 142/ 6 (C),0,0,31.11,-25.85,0,3.525
 227/ 142/ 7 (C),0,0,19.58,-16.81,0,3.525
 227/ 151/ 6 (C),0,0,-76.55,-25.85,0,3.525
 227/ 151/ 7 (C),0,0,-48.93,-16.81,0,3.525
 228/ 149/ 6 (C),0,0,26.18,-32.2,0,2
 228/ 149/ 7 (C),0,0,17.02,-21.05,0,2
 228/ 150/ 6 (C),0,0,-8.45,-32.2,0,2
 228/ 150/ 7 (C),0,0,-5.8,-21.05,0,2
 229/ 117/ 6 (C),350.33,-5.72,-61.65,-0.5,-8.19,2.8
 229/ 117/ 7 (C),234.37,-3.57,-40.28,-0.33,-5.12,2.8
 229/ 150/ 6 (C),335.21,-5.72,-61.65,-0.5,7.84,2.8
 229/ 150/ 7 (C),223.17,-3.57,-40.28,-0.33,4.87,2.8
 230/ 148/ 6 (C),0,0,-77.13,7.14,0,1.225
 230/ 148/ 7 (C),0,0,-50.35,4.38,0,1.225
 230/ 149/ 6 (C),0,0,-96.66,7.14,0,1.225
 230/ 149/ 7 (C),0,0,-63.31,4.38,0,1.225
 231/ 116/ 6 (C),303.96,0.64,19.79,-0.5,0.9,2.8
 231/ 116/ 7 (C),202.9,0.51,13.05,-0.33,0.72,2.8
 231/ 149/ 6 (C),288.84,0.64,19.79,-0.5,-0.89,2.8
 231/ 149/ 7 (C),191.7,0.51,13.05,-0.33,-0.71,2.8
 232/ 147/ 6 (C),0,0,-14.32,3.65,0,2.35
 232/ 147/ 7 (C),0,0,-9.43,2.32,0,2.35
 232/ 148/ 6 (C),0,0,-50.9,3.65,0,2.35
 232/ 148/ 7 (C),0,0,-33.74,2.32,0,2.35
 233/ 139/ 6 (C),0,0,56.56,23.46,0,2.7
 233/ 139/ 7 (C),0,0,36.06,15.22,0,2.7
 233/ 148/ 6 (C),0,0,-26.24,23.46,0,2.7
 233/ 148/ 7 (C),0,0,-16.61,15.22,0,2.7
 234/ 146/ 6 (C),0,0,111.46,-1.17,0,2.675
 234/ 146/ 7 (C),0,0,73.37,-0.63,0,2.675
 234/ 147/ 6 (C),0,0,66.57,-1.17,0,2.675
 234/ 147/ 7 (C),0,0,43.72,-0.63,0,2.675
 235/ 134/ 6 (C),0,0,69.52,-0.24,0,4.325
 235/ 134/ 7 (C),0,0,44.16,-0.18,0,4.325
 235/ 147/ 6 (C),0,0,-75.13,-0.24,0,4.325
 235/ 147/ 7 (C),0,0,-47.5,-0.18,0,4.325
 236/ 114/ 6 (C),36.11,-17.78,-17.24,-0.5,-25.39,2.8
 236/ 114/ 7 (C),26.87,-11.03,-11.25,-0.33,-15.81,2.8
 236/ 147/ 6 (C),20.99,-17.78,-17.24,-0.5,24.39,2.8
 236/ 147/ 7 (C),15.67,-11.03,-11.25,-0.33,15.07,2.8
 237/ 133/ 6 (C),0,0,43.28,0.63,0,4.325
 237/ 133/ 7 (C),0,0,28.11,0.34,0,4.325
 237/ 146/ 6 (C),0,0,-45.85,0.63,0,4.325
 237/ 146/ 7 (C),0,0,-29.87,0.34,0,4.325
 238/ 113/ 6 (C),311.81,-11.5,-41.18,-0.5,-16.54,2.8
 238/ 113/ 7 (C),208.88,-7.34,-27.01,-0.33,-10.59,2.8
 238/ 146/ 6 (C),296.69,-11.5,-41.18,-0.5,15.66,2.8
 238/ 146/ 7 (C),197.68,-7.34,-27.01,-0.33,9.95,2.8
 239/ 144/ 6 (C),0,0,-46.18,-8.49,0,2.775
 239/ 144/ 7 (C),0,0,-31.45,-5.61,0,2.775
 239/ 145/ 6 (C),0,0,-139.1,-8.49,0,2.775
 239/ 145/ 7 (C),0,0,-90.33,-5.61,0,2.775
 240/ 138/ 6 (C),0,0,9.1,8.61,0,2.45
 240/ 138/ 7 (C),0,0,6.11,5.71,0,2.45
 240/ 145/ 6 (C),0,0,-29.94,8.61,0,2.45
 240/ 145/ 7 (C),0,0,-19.8,5.71,0,2.45
 241/ 112/ 6 (C),379.75,-4.34,49.62,-0.5,-6.18,2.8
 241/ 112/ 7 (C),252.48,-2.9,32.26,-0.33,-4.13,2.8
 241/ 145/ 6 (C),364.63,-4.34,49.62,-0.5,5.98,2.8
 241/ 145/ 7 (C),241.28,-2.9,32.26,-0.33,4,2.8
 242/ 143/ 6 (C),0,0,-42.23,-19.94,0,1
 242/ 143/ 7 (C),0,0,-26.58,-12.97,0,1
 242/ 144/ 6 (C),0,0,-62.81,-19.94,0,1
 242/ 144/ 7 (C),0,0,-39.97,-12.97,0,1
 243/ 137/ 6 (C),0,0,80.56,15.84,0,2.45
 243/ 137/ 7 (C),0,0,52.56,10.25,0,2.45
 243/ 144/ 6 (C),0,0,23.54,15.84,0,2.45
 243/ 144/ 7 (C),0,0,15.75,10.25,0,2.45
 244/ 111/ 6 (C),49.58,27.84,32.25,-0.5,39.66,2.8
 244/ 111/ 7 (C),37.55,18.31,20.89,-0.33,26.07,2.8
 244/ 144/ 6 (C),34.46,27.84,32.25,-0.5,-38.3,2.8
 244/ 144/ 7 (C),26.35,18.31,20.89,-0.33,-25.21,2.8
 245/ 142/ 6 (C),0,0,59.53,-6.21,0,2.15
 245/ 142/ 7 (C),0,0,39,-3.98,0,2.15
 245/ 143/ 6 (C),0,0,11.33,-6.21,0,2.15
 245/ 143/ 7 (C),0,0,7.81,-3.98,0,2.15
 246/ 140/ 6 (C),0,0,114.11,-43.88,0,1.175
 246/ 140/ 7 (C),0,0,73.87,-28.67,0,1.175
 246/ 142/ 6 (C),0,0,90.64,-43.88,0,1.175
 246/ 142/ 7 (C),0,0,58.58,-28.67,0,1.175
 247/ 140/ 6 (C),0,0,-110.3,-37.7,0,1.8
 247/ 140/ 7 (C),0,0,-70.87,-24.41,0,1.8
 247/ 141/ 6 (C),0,0,-159.83,-37.7,0,1.8
 247/ 141/ 7 (C),0,0,-102.54,-24.41,0,1.8
 248/ 136/ 6 (C),0,0,-97.59,39.57,0,1.275
 248/ 136/ 7 (C),0,0,-63.11,25.34,0,1.275
 248/ 141/ 6 (C),0,0,-127.88,39.57,0,1.275
 248/ 141/ 7 (C),0,0,-82.64,25.34,0,1.275
 249/ 108/ 6 (C),594.18,-10.59,27.47,-0.5,-15.24,2.8
 249/ 108/ 7 (C),392.02,-6.75,17.35,-0.33,-9.75,2.8
 249/ 141/ 6 (C),579.06,-10.59,27.47,-0.5,14.41,2.8
 249/ 141/ 7 (C),380.82,-6.75,17.35,-0.33,9.16,2.8
 250/ 139/ 6 (C),0,0,113.62,21.82,0,3.05
 250/ 139/ 7 (C),0,0,72.39,14.17,0,3.05
 250/ 140/ 6 (C),0,0,3.8,21.82,0,3.05
 250/ 140/ 7 (C),0,0,3.01,14.17,0,3.05
 251/ 135/ 6 (C),0,0,-48.3,-32.25,0,1.625
 251/ 135/ 7 (C),0,0,-31.43,-20.73,0,1.625
 251/ 139/ 6 (C),0,0,-97.36,-32.25,0,1.625
 251/ 139/ 7 (C),0,0,-62.67,-20.73,0,1.625
 252/ 106/ 6 (C),550.04,-3.57,-20.53,-0.5,-4.92,2.8
 252/ 106/ 7 (C),362.87,-2.27,-12.78,-0.33,-3.13,2.8
 252/ 139/ 6 (C),534.92,-3.57,-20.53,-0.5,5.08,2.8
 252/ 139/ 7 (C),351.67,-2.27,-12.78,-0.33,3.23,2.8
 253/ 137/ 6 (C),0,0,-4.72,-18.25,0,2.775
 253/ 137/ 7 (C),0,0,-3.5,-11.96,0,2.775
 253/ 138/ 6 (C),0,0,-86.06,-18.25,0,2.775
 253/ 138/ 7 (C),0,0,-55.35,-11.96,0,2.775
 254/ 132/ 6 (C),0,0,7.04,3.72,0,2
 254/ 132/ 7 (C),0,0,4.76,2.46,0,2
 254/ 138/ 6 (C),0,0,-21.46,3.72,0,2
 254/ 138/ 7 (C),0,0,-14.34,2.46,0,2
 255/ 105/ 6 (C),239.66,-1.52,25.37,-0.5,-2.15,2.8
 255/ 105/ 7 (C),160.62,-1.01,16.24,-0.33,-1.43,2.8
 255/ 138/ 6 (C),224.54,-1.52,25.37,-0.5,2.1,2.8
 255/ 138/ 7 (C),149.42,-1.01,16.24,-0.33,1.4,2.8
 256/ 136/ 6 (C),0,0,104.54,40.65,0,1.35
 256/ 136/ 7 (C),0,0,67.69,26.55,0,1.35
 256/ 137/ 6 (C),0,0,75.84,40.65,0,1.35
 256/ 137/ 7 (C),0,0,49.06,26.55,0,1.35
 257/ 130/ 6 (C),0,0,63.48,-6.24,0,2
 257/ 130/ 7 (C),0,0,40.69,-4.13,0,2
 257/ 136/ 6 (C),0,0,6.95,-6.24,0,2
 257/ 136/ 7 (C),0,0,4.59,-4.13,0,2
 258/ 134/ 6 (C),0,0,-19.68,-5.17,0,2.35
 258/ 134/ 7 (C),0,0,-13.37,-3.25,0,2.35
 258/ 135/ 6 (C),0,0,-80.22,-5.17,0,2.35
 258/ 135/ 7 (C),0,0,-52.23,-3.25,0,2.35
 259/ 128/ 6 (C),0,0,73.69,12.1,0,1.65
 259/ 128/ 7 (C),0,0,47.62,8.1,0,1.65
 259/ 135/ 6 (C),0,0,31.93,12.1,0,1.65
 259/ 135/ 7 (C),0,0,20.79,8.1,0,1.65
 260/ 133/ 6 (C),0,0,121.68,2.01,0,2.675
 260/ 133/ 7 (C),0,0,78.96,1.23,0,2.675
 260/ 134/ 6 (C),0,0,48.79,2.01,0,2.675
 260/ 134/ 7 (C),0,0,32.32,1.23,0,2.675
 261/ 101/ 6 (C),50.89,13.01,-11.52,-0.5,18.62,2.8
 261/ 101/ 7 (C),37.15,8.19,-7.42,-0.33,11.76,2.8
 261/ 134/ 6 (C),35.77,13.01,-11.52,-0.5,-17.81,2.8
 261/ 134/ 7 (C),25.95,8.19,-7.42,-0.33,-11.16,2.8
 262/ 126/ 6 (C),0,0,19.51,-3.94,0,1.65
 262/ 126/ 7 (C),0,0,13.09,-2.77,0,1.65
 262/ 133/ 6 (C),0,0,-1.84,-3.94,0,1.65
 262/ 133/ 7 (C),0,0,-1.35,-2.77,0,1.65
 263/ 100/ 6 (C),338.93,8.46,-40.64,-0.5,11.97,2.8
 263/ 100/ 7 (C),225.77,5.43,-26.3,-0.33,7.71,2.8
 263/ 133/ 6 (C),323.81,8.46,-40.64,-0.5,-11.72,2.8
 263/ 133/ 7 (C),214.57,5.43,-26.3,-0.33,-7.51,2.8
 264/ 99/ 6 (C),269.63,-10.39,18.1,-0.5,-14.7,2.8
 264/ 99/ 7 (C),181.18,-6.72,11.44,-0.33,-9.52,2.8
 264/ 132/ 6 (C),254.51,-10.39,18.1,-0.5,14.39,2.8
 264/ 132/ 7 (C),169.98,-6.72,11.44,-0.33,9.3,2.8
 265/ 131/ 6 (C),0,0,8.34,3.64,0,2.775
 265/ 131/ 7 (C),0,0,5.22,2.29,0,2.775
 265/ 132/ 6 (C),0,0,-73.4,3.64,0,2.775
 265/ 132/ 7 (C),0,0,-46.87,2.29,0,2.775
 266/ 125/ 6 (C),0,0,31.84,3.15,0,3.725
 266/ 125/ 7 (C),0,0,20.75,1.97,0,3.725
 266/ 132/ 6 (C),0,0,-41.96,3.15,0,3.725
 266/ 132/ 7 (C),0,0,-27.38,1.97,0,3.725
 267/ 130/ 6 (C),0,0,98.32,-15.69,0,1.35
 267/ 130/ 7 (C),0,0,62.54,-9.95,0,1.35
 267/ 131/ 6 (C),0,0,62.78,-15.69,0,1.35
 267/ 131/ 7 (C),0,0,39.77,-9.95,0,1.35
 268/ 124/ 6 (C),0,0,71.38,-4.19,0,3.725
 268/ 124/ 7 (C),0,0,45.17,-2.66,0,3.725
 268/ 131/ 6 (C),0,0,-54.45,-4.19,0,3.725
 268/ 131/ 7 (C),0,0,-34.54,-2.66,0,3.725
 269/ 97/ 6 (C),435.38,6.76,-16.54,-0.5,9.4,2.8
 269/ 97/ 7 (C),287.89,4.32,-10.67,-0.33,6.03,2.8
 269/ 130/ 6 (C),420.26,6.76,-16.54,-0.5,-9.52,2.8
 269/ 130/ 7 (C),276.69,4.32,-10.67,-0.33,-6.08,2.8
 270/ 129/ 6 (C),0,0,59.32,7.44,0,2.5
 270/ 129/ 7 (C),0,0,37.88,4.71,0,2.5
 270/ 130/ 6 (C),0,0,-40.71,7.44,0,2.5
 270/ 130/ 7 (C),0,0,-25.07,4.71,0,2.5
 271/ 96/ 6 (C),356.01,-13.59,-2.24,-0.5,-19.33,2.8
 271/ 96/ 7 (C),234.03,-8.61,-1.41,-0.33,-12.28,2.8
 271/ 129/ 6 (C),340.89,-13.59,-2.24,-0.5,18.72,2.8
 271/ 129/ 7 (C),222.83,-8.61,-1.41,-0.33,11.83,2.8
 272/ 128/ 6 (C),0,0,44.46,-5.45,0,2.35
 272/ 128/ 7 (C),0,0,27.57,-3.43,0,2.35
 272/ 129/ 6 (C),0,0,-46.69,-5.45,0,2.35
 272/ 129/ 7 (C),0,0,-29.85,-3.43,0,2.35
 273/ 123/ 6 (C),0,0,57.72,-2.48,0,3.725
 273/ 123/ 7 (C),0,0,36.31,-1.62,0,3.725
 273/ 129/ 6 (C),0,0,-71.48,-2.48,0,3.725
 273/ 129/ 7 (C),0,0,-45.45,-1.62,0,3.725
 274/ 95/ 6 (C),510.05,4.37,22.43,-0.5,6.08,2.8
 274/ 95/ 7 (C),336.28,2.8,14.41,-0.33,3.9,2.8
 274/ 128/ 6 (C),494.93,4.37,22.43,-0.5,-6.15,2.8
 274/ 128/ 7 (C),325.08,2.8,14.41,-0.33,-3.95,2.8
 275/ 127/ 6 (C),0,0,-89.62,27.64,0,1.35
 275/ 127/ 7 (C),0,0,-56.87,17.86,0,1.35
 275/ 128/ 6 (C),0,0,-124,27.64,0,1.35
 275/ 128/ 7 (C),0,0,-78.95,17.86,0,1.35
 276/ 126/ 6 (C),0,0,92.43,-7.29,0,3.675
 276/ 126/ 7 (C),0,0,58.99,-4.72,0,3.675
 276/ 127/ 6 (C),0,0,-23.4,-7.29,0,3.675
 276/ 127/ 7 (C),0,0,-14.6,-4.72,0,3.675
 277/ 122/ 6 (C),0,0,62.97,8.08,0,3.725
 277/ 122/ 7 (C),0,0,39.48,5.12,0,3.725
 277/ 127/ 6 (C),0,0,-66.22,8.08,0,3.725
 277/ 127/ 7 (C),0,0,-42.27,5.12,0,3.725
 278/ 93/ 6 (C),313.59,-3.97,-31.09,-0.5,-5.79,2.8
 278/ 93/ 7 (C),209.34,-2.51,-19.76,-0.33,-3.68,2.8
 278/ 126/ 6 (C),298.47,-3.97,-31.09,-0.5,5.34,2.8
 278/ 126/ 7 (C),198.14,-2.51,-19.76,-0.33,3.36,2.8
 279/ 121/ 6 (C),0,0,38.84,0.16,0,3.725
 279/ 121/ 7 (C),0,0,25.23,0.21,0,3.725
 279/ 126/ 6 (C),0,0,-38.33,0.16,0,3.725
 279/ 126/ 7 (C),0,0,-24.96,0.21,0,3.725
 280/ 92/ 6 (C),143.39,4.62,6.74,-0.5,6.54,2.8
 280/ 92/ 7 (C),97.87,2.88,4.35,-0.33,4.1,2.8
 280/ 125/ 6 (C),128.27,4.62,6.74,-0.5,-6.38,2.8
 280/ 125/ 7 (C),86.67,2.88,4.35,-0.33,-3.95,2.8
 281/ 124/ 6 (C),0,0,18.84,-2.38,0,2.775
 281/ 124/ 7 (C),0,0,12.47,-1.43,0,2.775
 281/ 125/ 6 (C),0,0,-28.77,-2.38,0,2.775
 281/ 125/ 7 (C),0,0,-18.92,-1.43,0,2.775
 282/ 91/ 6 (C),268.47,15.44,3.97,-0.5,21.9,2.8
 282/ 91/ 7 (C),179.73,9.57,2.53,-0.33,13.63,2.8
 282/ 124/ 6 (C),253.35,15.44,3.97,-0.5,-21.33,2.8
 282/ 124/ 7 (C),168.53,9.57,2.53,-0.33,-13.18,2.8
 283/ 123/ 6 (C),0,0,47.14,2.05,0,3.85
 283/ 123/ 7 (C),0,0,30.64,1.33,0,3.85
 283/ 124/ 6 (C),0,0,-34.37,2.05,0,3.85
 283/ 124/ 7 (C),0,0,-22.3,1.33,0,3.85
 284/ 90/ 6 (C),369.5,9.65,12.38,-0.5,13.82,2.8
 284/ 90/ 7 (C),245.44,5.82,8.16,-0.33,8.4,2.8
 284/ 123/ 6 (C),354.38,9.65,12.38,-0.5,-13.19,2.8
 284/ 123/ 7 (C),234.24,5.82,8.16,-0.33,-7.91,2.8
 285/ 122/ 6 (C),0,0,4.34,0.79,0,3.7
 285/ 122/ 7 (C),0,0,2.65,0.55,0,3.7
 285/ 123/ 6 (C),0,0,-71.97,0.79,0,3.7
 285/ 123/ 7 (C),0,0,-46.99,0.55,0,3.7
 286/ 89/ 6 (C),171.22,9.21,0.01,-0.5,13.07,2.8
 286/ 89/ 7 (C),115.78,5.4,0,-0.33,7.72,2.8
 286/ 122/ 6 (C),156.1,9.21,0.01,-0.5,-12.73,2.8
 286/ 122/ 7 (C),104.58,5.4,0,-0.33,-7.41,2.8
 287/ 121/ 6 (C),0,0,74.08,0.99,0,3.675
 287/ 121/ 7 (C),0,0,48.36,0.53,0,3.675
 287/ 122/ 6 (C),0,0,-1.37,0.99,0,3.675
 287/ 122/ 7 (C),0,0,-0.74,0.53,0,3.675
 288/ 88/ 6 (C),238.58,8.29,-28.54,-0.5,11.79,2.8
 288/ 88/ 7 (C),160.18,5.24,-18.51,-0.33,7.48,2.8
 288/ 121/ 6 (C),223.46,8.29,-28.54,-0.5,-11.41,2.8
 288/ 121/ 7 (C),148.98,5.24,-18.51,-0.33,-7.19,2.8
 289/ 87/ 6 (C),511.14,-13.76,56.83,-0.51,-19.03,2.8
 289/ 87/ 7 (C),340.27,-8.92,37.25,-0.33,-12.33,2.8
 289/ 120/ 6 (C),496.02,-13.76,56.83,-0.51,19.5,2.8
 289/ 120/ 7 (C),329.07,-8.92,37.25,-0.33,12.64,2.8
 290/ 119/ 6 (C),0,0,-39.52,0.34,0,3.775
 290/ 119/ 7 (C),0,0,-26.31,0.11,0,3.775
 290/ 120/ 6 (C),0,0,-118.21,0.34,0,3.775
 290/ 120/ 7 (C),0,0,-77.46,0.11,0,3.775
 291/ 112/ 6 (C),0,0,24.98,1.93,0,3.525
 291/ 112/ 7 (C),0,0,16.27,1.32,0,3.525
 291/ 120/ 6 (C),0,0,-45.41,1.93,0,3.525
 291/ 120/ 7 (C),0,0,-29.62,1.32,0,3.525
 292/ 86/ 6 (C),24.47,-11.29,-1.01,-0.51,-15.35,2.8
 292/ 86/ 7 (C),19.07,-6.83,-0.64,-0.33,-9.26,2.8
 292/ 119/ 6 (C),9.35,-11.29,-1.01,-0.51,16.27,2.8
 292/ 119/ 7 (C),7.87,-6.83,-0.64,-0.33,9.85,2.8
 293/ 118/ 6 (C),0,0,63.37,16.31,0,2.15
 293/ 118/ 7 (C),0,0,42.14,10.37,0,2.15
 293/ 119/ 6 (C),0,0,31.52,16.31,0,2.15
 293/ 119/ 7 (C),0,0,20.88,10.37,0,2.15
 294/ 110/ 6 (C),0,0,53.76,0.47,0,3.525
 294/ 110/ 7 (C),0,0,34.59,0.46,0,3.525
 294/ 119/ 6 (C),0,0,-56.13,0.47,0,3.525
 294/ 119/ 7 (C),0,0,-35.27,0.46,0,3.525
 295/ 117/ 6 (C),0,0,164.5,-20.44,0,1.825
 295/ 117/ 7 (C),0,0,107.62,-12.83,0,1.825
 295/ 118/ 6 (C),0,0,139.69,-20.44,0,1.825
 295/ 118/ 7 (C),0,0,90.91,-12.83,0,1.825
 296/ 109/ 6 (C),0,0,31.34,-25.71,0,3.525
 296/ 109/ 7 (C),0,0,19.74,-16.74,0,3.525
 296/ 118/ 6 (C),0,0,-76.32,-25.71,0,3.525
 296/ 118/ 7 (C),0,0,-48.77,-16.74,0,3.525
 297/ 84/ 6 (C),539.55,-6.11,-64.1,-0.51,-8.65,2.8
 297/ 84/ 7 (C),359.71,-3.85,-41.94,-0.33,-5.46,2.8
 297/ 117/ 6 (C),524.43,-6.11,-64.1,-0.51,8.46,2.8
 297/ 117/ 7 (C),348.51,-3.85,-41.94,-0.33,5.33,2.8
 298/ 116/ 6 (C),0,0,25.02,-34.8,0,2
 298/ 116/ 7 (C),0,0,16.29,-22.82,0,2
 298/ 117/ 6 (C),0,0,-9.61,-34.8,0,2
 298/ 117/ 7 (C),0,0,-6.53,-22.82,0,2
 299/ 83/ 6 (C),457.74,0.79,20.48,-0.51,1.07,2.8
 299/ 83/ 7 (C),304.04,0.6,13.51,-0.33,0.82,2.8
 299/ 116/ 6 (C),442.62,0.79,20.48,-0.51,-1.13,2.8
 299/ 116/ 7 (C),292.84,0.6,13.51,-0.33,-0.86,2.8
 300/ 115/ 6 (C),0,0,-77.2,5.3,0,1.225
 300/ 115/ 7 (C),0,0,-50.42,3.2,0,1.225
 300/ 116/ 6 (C),0,0,-96.72,5.3,0,1.225
 300/ 116/ 7 (C),0,0,-63.38,3.2,0,1.225
 301/ 114/ 6 (C),0,0,-17.87,5.39,0,2.35
 301/ 114/ 7 (C),0,0,-11.79,3.51,0,2.35
 301/ 115/ 6 (C),0,0,-54.44,5.39,0,2.35
 301/ 115/ 7 (C),0,0,-36.1,3.51,0,2.35
 302/ 106/ 6 (C),0,0,60.04,24.65,0,2.7
 302/ 106/ 7 (C),0,0,38.35,16.08,0,2.7
 302/ 115/ 6 (C),0,0,-22.76,24.65,0,2.7
 302/ 115/ 7 (C),0,0,-14.32,16.08,0,2.7
 303/ 81/ 6 (C),40.22,-17.21,-17.28,-0.51,-23.46,2.8
 303/ 81/ 7 (C),28.96,-10.76,-11.29,-0.33,-14.66,2.8
 303/ 114/ 6 (C),25.1,-17.21,-17.28,-0.51,24.74,2.8
 303/ 114/ 7 (C),17.76,-10.76,-11.29,-0.33,15.48,2.8
 304/ 113/ 6 (C),0,0,112.91,-1.25,0,2.675
 304/ 113/ 7 (C),0,0,74.3,-0.69,0,2.675
 304/ 114/ 6 (C),0,0,68.02,-1.25,0,2.675
 304/ 114/ 7 (C),0,0,44.65,-0.69,0,2.675
 305/ 101/ 6 (C),0,0,69.76,-0.45,0,4.325
 305/ 101/ 7 (C),0,0,44.33,-0.31,0,4.325
 305/ 114/ 6 (C),0,0,-74.88,-0.45,0,4.325
 305/ 114/ 7 (C),0,0,-47.33,-0.31,0,4.325
 306/ 80/ 6 (C),485.01,-11.53,-44.26,-0.51,-15.85,2.8
 306/ 80/ 7 (C),323.78,-7.42,-29.06,-0.33,-10.21,2.8
 306/ 113/ 6 (C),469.89,-11.53,-44.26,-0.51,16.42,2.8
 306/ 113/ 7 (C),312.58,-7.42,-29.06,-0.33,10.58,2.8
 307/ 100/ 6 (C),0,0,43.97,0.69,0,4.325
 307/ 100/ 7 (C),0,0,28.6,0.38,0,4.325
 307/ 113/ 6 (C),0,0,-45.16,0.69,0,4.325
 307/ 113/ 7 (C),0,0,-29.39,0.38,0,4.325
 308/ 79/ 6 (C),593.57,-4.55,53.14,-0.51,-6.38,2.8
 308/ 79/ 7 (C),393.08,-3.03,34.56,-0.33,-4.25,2.8
 308/ 112/ 6 (C),578.45,-4.55,53.14,-0.51,6.35,2.8
 308/ 112/ 7 (C),381.88,-3.03,34.56,-0.33,4.23,2.8
 309/ 112/ 6 (C),0,0,140.31,-9.5,0,2.775
 309/ 112/ 7 (C),0,0,91.03,-6.25,0,2.775
 309/ 111/ 6 (C),0,0,47.39,-9.5,0,2.775
 309/ 111/ 7 (C),0,0,32.15,-6.25,0,2.775
 310/ 112/ 6 (C),0,0,33.42,9.58,0,2.45
 310/ 112/ 7 (C),0,0,22.1,6.3,0,2.45
 310/ 105/ 6 (C),0,0,-5.63,9.58,0,2.45
 310/ 105/ 7 (C),0,0,-3.81,6.3,0,2.45
 311/ 78/ 6 (C),51.91,29.72,32.17,-0.51,41.75,2.8
 311/ 78/ 7 (C),37.84,19.51,20.89,-0.33,27.42,2.8
 311/ 111/ 6 (C),36.79,29.72,32.17,-0.51,-41.45,2.8
 311/ 111/ 7 (C),26.64,19.51,20.89,-0.33,-27.22,2.8
 312/ 111/ 6 (C),0,0,60.53,-19.31,0,1
 312/ 111/ 7 (C),0,0,38.56,-12.61,0,1
 312/ 110/ 6 (C),0,0,39.95,-19.31,0,1
 312/ 110/ 7 (C),0,0,25.17,-12.61,0,1
 313/ 104/ 6 (C),0,0,82.95,17.07,0,2.45
 313/ 104/ 7 (C),0,0,54.13,11.09,0,2.45
 313/ 111/ 6 (C),0,0,25.94,17.07,0,2.45
 313/ 111/ 7 (C),0,0,17.32,11.09,0,2.45
 314/ 110/ 6 (C),0,0,-13.82,-6.53,0,2.15
 314/ 110/ 7 (C),0,0,-9.43,-4.17,0,2.15
 314/ 109/ 6 (C),0,0,-62.02,-6.53,0,2.15
 314/ 109/ 7 (C),0,0,-40.62,-4.17,0,2.15
 315/ 109/ 6 (C),0,0,-93.37,-46.17,0,1.175
 315/ 109/ 7 (C),0,0,-60.35,-30.16,0,1.175
 315/ 107/ 6 (C),0,0,-116.83,-46.17,0,1.175
 315/ 107/ 7 (C),0,0,-75.65,-30.16,0,1.175
 316/ 75/ 6 (C),909.35,-11.83,28.35,-0.51,-16.78,2.8
 316/ 75/ 7 (C),596.19,-7.61,18.05,-0.33,-10.8,2.8
 316/ 108/ 6 (C),894.23,-11.83,28.35,-0.51,16.34,2.8
 316/ 108/ 7 (C),584.99,-7.61,18.05,-0.33,10.51,2.8
 317/ 107/ 6 (C),0,0,-112.53,-39.57,0,1.8
 317/ 107/ 7 (C),0,0,-72.32,-25.66,0,1.8
 317/ 108/ 6 (C),0,0,-162.06,-39.57,0,1.8
 317/ 108/ 7 (C),0,0,-103.99,-25.66,0,1.8
 318/ 103/ 6 (C),0,0,-101.81,42.87,0,1.275
 318/ 103/ 7 (C),0,0,-65.87,27.64,0,1.275
 318/ 108/ 6 (C),0,0,-132.1,42.87,0,1.275
 318/ 108/ 7 (C),0,0,-85.4,27.64,0,1.275
 319/ 106/ 6 (C),0,0,114.11,22.35,0,3.05
 319/ 106/ 7 (C),0,0,72.72,14.5,0,3.05
 319/ 107/ 6 (C),0,0,4.3,22.35,0,3.05
 319/ 107/ 7 (C),0,0,3.33,14.5,0,3.05
 320/ 73/ 6 (C),840.84,-2.8,-20.07,-0.51,-3.73,2.8
 320/ 73/ 7 (C),550.56,-1.77,-12.61,-0.33,-2.36,2.8
 320/ 106/ 6 (C),825.72,-2.8,-20.07,-0.51,4.1,2.8
 320/ 106/ 7 (C),539.36,-1.77,-12.61,-0.33,2.59,2.8
 321/ 102/ 6 (C),0,0,-52.47,-35.7,0,1.625
 321/ 102/ 7 (C),0,0,-34.19,-23.1,0,1.625
 321/ 106/ 6 (C),0,0,-101.53,-35.7,0,1.625
 321/ 106/ 7 (C),0,0,-65.42,-23.1,0,1.625
 322/ 99/ 6 (C),0,0,10.16,3.93,0,2
 322/ 99/ 7 (C),0,0,6.9,2.58,0,2
 322/ 105/ 6 (C),0,0,-18.34,3.93,0,2
 322/ 105/ 7 (C),0,0,-12.2,2.58,0,2
 323/ 72/ 6 (C),363.22,-3.09,26.04,-0.51,-5.05,2.8
 323/ 72/ 7 (C),242.09,-2.04,16.73,-0.33,-3.33,2.8
 323/ 105/ 6 (C),348.1,-3.09,26.04,-0.51,3.59,2.8
 323/ 105/ 7 (C),230.89,-2.04,16.73,-0.33,2.37,2.8
 324/ 104/ 6 (C),0,0,-3.14,-19.01,0,2.775
 324/ 104/ 7 (C),0,0,-2.4,-12.45,0,2.775
 324/ 105/ 6 (C),0,0,-84.47,-19.01,0,2.775
 324/ 105/ 7 (C),0,0,-54.26,-12.45,0,2.775
 325/ 103/ 6 (C),0,0,108.51,43.08,0,1.35
 325/ 103/ 7 (C),0,0,70.36,28.13,0,1.35
 325/ 104/ 6 (C),0,0,79.82,43.08,0,1.35
 325/ 104/ 7 (C),0,0,51.73,28.13,0,1.35
 326/ 97/ 6 (C),0,0,63.23,-6.76,0,2
 326/ 97/ 7 (C),0,0,40.59,-4.42,0,2
 326/ 103/ 6 (C),0,0,6.7,-6.76,0,2
 326/ 103/ 7 (C),0,0,4.48,-4.42,0,2
 327/ 95/ 6 (C),0,0,75.8,14.05,0,1.65
 327/ 95/ 7 (C),0,0,48.99,9.31,0,1.65
 327/ 102/ 6 (C),0,0,34.03,14.05,0,1.65
 327/ 102/ 7 (C),0,0,22.16,9.31,0,1.65
 328/ 101/ 6 (C),0,0,-25.95,-5.95,0,2.35
 328/ 101/ 7 (C),0,0,-17.49,-3.82,0,2.35
 328/ 102/ 6 (C),0,0,-86.5,-5.95,0,2.35
 328/ 102/ 7 (C),0,0,-56.35,-3.82,0,2.35
 329/ 68/ 6 (C),58.52,13.01,-10.42,-0.51,17.68,2.8
 329/ 68/ 7 (C),41.29,8.27,-6.7,-0.33,11.24,2.8
 329/ 101/ 6 (C),43.4,13.01,-10.42,-0.51,-18.73,2.8
 329/ 101/ 7 (C),30.09,8.27,-6.7,-0.33,-11.92,2.8
 330/ 100/ 6 (C),0,0,124.2,2.38,0,2.675
 330/ 100/ 7 (C),0,0,80.54,1.5,0,2.675
 330/ 101/ 6 (C),0,0,51.31,2.38,0,2.675
 330/ 101/ 7 (C),0,0,33.9,1.5,0,2.675
 331/ 100/ 6 (C),0,0,3.12,-4.27,0,1.65
 331/ 100/ 7 (C),0,0,2.19,-2.91,0,1.65
 331/ 93/ 6 (C),0,0,-18.22,-4.27,0,1.65
 331/ 93/ 7 (C),0,0,-12.25,-2.91,0,1.65
 332/ 67/ 6 (C),525.33,8.62,-43.67,-0.51,11.88,2.8
 332/ 67/ 7 (C),348.3,5.57,-28.31,-0.33,7.67,2.8
 332/ 100/ 6 (C),510.21,8.62,-43.67,-0.51,-12.27,2.8
 332/ 100/ 7 (C),337.1,5.57,-28.31,-0.33,-7.93,2.8
 333/ 16/ 6 (C),843.59,-6.3,-23.32,-0.13,-6.68,3.05
 333/ 16/ 7 (C),561.85,-4.04,-15.33,-0.08,-4.28,3.05
 333/ 47/ 6 (C),827.12,-6.3,-23.32,-0.13,12.54,3.05
 333/ 47/ 7 (C),549.65,-4.04,-15.33,-0.08,8.03,3.05
 334/ 11/ 6 (C),930.07,3.94,-24.23,-0.13,3.74,3.05
 334/ 11/ 7 (C),614.45,2.54,-15.74,-0.08,2.4,3.05
 334/ 33/ 6 (C),913.6,3.94,-24.23,-0.13,-8.28,3.05
 334/ 33/ 7 (C),602.25,2.54,-15.74,-0.08,-5.34,3.05
 335/ 1/ 6 (C),655.61,3.95,-23.43,-0.13,3.74,3.05
 335/ 1/ 7 (C),436.12,2.52,-15.3,-0.08,2.38,3.05
 335/ 20/ 6 (C),639.14,3.95,-23.43,-0.13,-8.3,3.05
 335/ 20/ 7 (C),423.92,2.52,-15.3,-0.08,-5.3,3.05
 336/ 6/ 6 (C),798.06,-3.14,-17.74,-0.13,-3.46,3.05
 336/ 6/ 7 (C),526.48,-2.01,-11.37,-0.08,-2.22,3.05
 336/ 26/ 6 (C),781.59,-3.14,-17.74,-0.13,6.12,3.05
 336/ 26/ 7 (C),514.28,-2.01,-11.37,-0.08,3.91,3.05
 337/ 5/ 6 (C),356.05,4.28,1.1,-0.13,2.65,3.05
 337/ 5/ 7 (C),241.12,2.78,0.7,-0.08,1.73,3.05
 337/ 25/ 6 (C),339.58,4.28,1.1,-0.13,-10.39,3.05
 337/ 25/ 7 (C),228.92,2.78,0.7,-0.08,-6.75,3.05
 338/ 10/ 6 (C),617.85,-7.65,7.91,-0.13,-9.48,3.05
 338/ 10/ 7 (C),409.6,-4.98,5.02,-0.08,-6.15,3.05
 338/ 32/ 6 (C),601.38,-7.65,7.91,-0.13,13.87,3.05
 338/ 32/ 7 (C),397.4,-4.98,5.02,-0.08,9.02,3.05
 340/ 15/ 6 (C),1087.93,-2.9,28.36,-0.13,-4.65,3.05
 340/ 15/ 7 (C),718.36,-1.92,18.46,-0.08,-3.05,3.05
 340/ 46/ 6 (C),1071.46,-2.9,28.36,-0.13,4.2,3.05
 340/ 46/ 7 (C),706.16,-1.92,18.46,-0.08,2.81,3.05
 341/ 19/ 6 (C),868,-4.21,31.07,-0.13,-5.97,3.05
 341/ 19/ 7 (C),576.63,-2.67,20.37,-0.08,-3.81,3.05
 341/ 54/ 6 (C),851.53,-4.21,31.07,-0.13,6.86,3.05
 341/ 54/ 7 (C),564.43,-2.67,20.37,-0.08,4.33,3.05
 342/ 18/ 6 (C),931.37,-2.91,-32.01,-0.13,-3.87,3.05
 342/ 18/ 7 (C),619.54,-1.83,-20.95,-0.08,-2.45,3.05
 342/ 51/ 6 (C),914.9,-2.91,-32.01,-0.13,5.02,3.05
 342/ 51/ 7 (C),607.34,-1.83,-20.95,-0.08,3.13,3.05
 343/ 14/ 6 (C),1576.48,-5.21,15.4,-0.13,-6.57,3.05
 343/ 14/ 7 (C),1028.62,-3.32,9.82,-0.08,-4.2,3.05
 343/ 42/ 6 (C),1560.01,-5.21,15.4,-0.13,9.32,3.05
 343/ 42/ 7 (C),1016.42,-3.32,9.82,-0.08,5.93,3.05
 344/ 12/ 6 (C),627.6,11.47,9.14,-0.21,9.94,3.05
 344/ 12/ 7 (C),416.89,7.64,5.86,-0.14,6.65,3.05
 344/ 36/ 6 (C),611.13,11.2,9.14,-0.21,-24.63,3.05
 344/ 36/ 7 (C),404.69,7.44,5.86,-0.14,-16.35,3.05
